Aggrandizement,RaceEuphemisms,RaceTerms,SlaveryTerms,GenderTerms
acclaimed,color blind,aboriginal,abolition,miss
ambitious,colored,aboriginals,abolitionist,mistress
celebrated,coloured,aborigines,antislavery,mrs.
distinguished,negro,aliens,anti-slavery,muse
eminent,race relations,arab,bill of sale,spouse
esteemed,race situation,arabs,bills of sale,wife
expert,race-based,asians,enslaved,
father of,racial,asiatic,freed slave,
foremost,racism,blacks,freed slaves,
founding father,riot,bushman,freedman,
genius,troubles,bushmen,freedmen,
gentleman,unruly,bushwoman,manumission,
important,,chink,manumitted,
influential,,civilized,negro,
man of letters,,coolie,overseer,
masterpiece,,coolies,plantation,
notable,,creole,planter,
pioneer,,creoles,runaway slave,
plantation owner,,dyke,runaway slaves,
planter,,ethnic,slave,
preeminent,,exotic,slave holder,
prestigious,,fag,slave master,
prolific,,gook,slave owner,
prominent,,gypsies,slave owner,
renowned,,gypsy,slaveholder,
respected,,hispanics,slavery,
revolutionary,,illegal alien,slaves,
seminal,,illegal aliens,,
successful,,illegal immigrant,,
wealthy,,illegal immigrants,,
,,illegals,,
,,indian,,
,,indians,,
,,japs,,
,,mammy,,
,,mulatto,,
,,mulattoes,,
,,mulattos,,
,,native americans,,
,,natives,,
,,negoes,,
,,negro,,
,,negros,,
,,oriental,,
,,primitive people,,
,,primitives,,
,,pygmies,,
,,pygmy,,
,,sambo,,
,,savages,,
,,squaw,,
,,squaws,,
,,uncivilized,,
