id,vocabulary_id,term,hateful_meaning,nonhateful_meaning,is_unambiguous,is_unambiguous_in,average_offensiveness,language,plural_of,variant_of,transliteration_of,is_about_nationality,is_about_ethnicity,is_about_religion,is_about_gender,is_about_sexual_orientation,is_about_disability,is_about_class,number_of_sightings,number_of_sightings_this_year,number_of_sightings_this_month,created_on,updated_on
79,AfUHKcKtu,jewtarded,The combination of 'jew' and 'retarded',,TRUE,,98,eng,,jewtard,,FALSE,TRUE,TRUE,FALSE,FALSE,TRUE,FALSE,2,0,0,11/1/2018 20:35,10/30/2019 19:22
80,7e7d4zV6R,jigaboo,"A black person. Jiggaboo or jigabo is from a Bantu verb tshikabo, meaning meek or servile.",,TRUE,,99,eng,,,,FALSE,TRUE,FALSE,FALSE,FALSE,FALSE,FALSE,2826,189,14,6/22/2013 0:12,10/30/2019 19:22
81,m3hnwsCjb,jewtard,The combination of 'jew' and 'retard',,TRUE,,99,eng,,,,FALSE,TRUE,TRUE,FALSE,FALSE,TRUE,FALSE,26,2,0,11/1/2018 19:42,10/30/2019 18:19
179,AfUHKcKtu,jewtarded,The combination of 'jew' and 'retarded',,TRUE,,98,eng,,jewtard,,FALSE,TRUE,TRUE,FALSE,FALSE,TRUE,FALSE,2,0,0,11/1/2018 20:35,10/30/2019 19:22
180,7e7d4zV6R,jigaboo,"A black person. Jiggaboo or jigabo is from a Bantu verb tshikabo, meaning meek or servile.",,TRUE,,99,eng,,,,FALSE,TRUE,FALSE,FALSE,FALSE,FALSE,FALSE,2826,189,14,6/22/2013 0:12,10/30/2019 19:22
181,m3hnwsCjb,jewtard,The combination of 'jew' and 'retard',,TRUE,,99,eng,,,,FALSE,TRUE,TRUE,FALSE,FALSE,TRUE,FALSE,26,2,0,11/1/2018 19:42,10/30/2019 18:19
235,qWheZhmUE,krauts,"A German, most specifically during World War II. From Sauerkraut.",,TRUE,,50,eng,kraut,,,TRUE,FALSE,FALSE,FALSE,FALSE,FALSE,FALSE,1075,119,19,11/1/2018 20:35,10/24/2019 15:43
252,bWgz9jJed,niggers,A black person.,,TRUE,,100,eng,nigger,,,FALSE,TRUE,FALSE,FALSE,FALSE,FALSE,FALSE,2059,209,30,11/1/2018 20:36,10/18/2019 17:26
253,3wfWp8aQB,nigger,A black person.,,TRUE,,100,eng,,,,FALSE,TRUE,FALSE,FALSE,FALSE,FALSE,FALSE,4697,175,21,4/2/2013 4:00,10/18/2019 17:26
268,FZLzRqPbD,nigger-rig,To poorly repair or assemble something,,TRUE,,98,eng,,,,FALSE,TRUE,FALSE,FALSE,FALSE,FALSE,FALSE,16,2,0,11/1/2018 19:42,5/10/2019 18:57
367,XfyXhcwTY,durka durkas,,,TRUE,,,eng,durka durka,derka derka,,FALSE,TRUE,TRUE,FALSE,FALSE,FALSE,FALSE,28,2,0,2/28/2019 19:52,3/1/2019 21:03
368,AYsdMFEPc,durka durka,,,TRUE,,,eng,,derka derka,,FALSE,TRUE,TRUE,FALSE,FALSE,FALSE,FALSE,76,10,0,2/28/2019 19:52,3/1/2019 21:03
369,XTqrx9beD,derka derkas,,,TRUE,,,eng,derka derka,,,FALSE,TRUE,TRUE,FALSE,FALSE,FALSE,FALSE,6,0,0,2/28/2019 19:51,3/1/2019 21:02
374,rTiXRYQED,closet dykes,,,TRUE,,,eng,closet dyke,closet fag,,FALSE,FALSE,FALSE,FALSE,TRUE,FALSE,FALSE,22,1,0,2/28/2019 19:39,3/1/2019 20:59
375,uWzcbfz7a,closet dyke,,,TRUE,,50,eng,,closet fag,,FALSE,FALSE,FALSE,FALSE,TRUE,FALSE,FALSE,68,3,0,2/28/2019 19:39,3/1/2019 20:59
376,JUpgYbNiw,black dagoes,,,TRUE,,,eng,black dago,black dagos,,TRUE,TRUE,FALSE,FALSE,FALSE,FALSE,FALSE,0,0,0,2/28/2019 19:18,3/1/2019 20:58
377,qc6VTyKxJ,border baby,,,TRUE,,,eng,,anchor baby,,FALSE,TRUE,FALSE,FALSE,FALSE,FALSE,FALSE,39,5,1,2/28/2019 19:21,3/1/2019 20:58
378,ND9gokkqL,border babies,,,TRUE,,,eng,border baby,anchor baby,,FALSE,TRUE,FALSE,FALSE,FALSE,FALSE,FALSE,19,4,0,2/28/2019 19:22,3/1/2019 20:57
435,vsnYRahpZ,pickinninys,,,TRUE,,,eng,pickinniny,,,FALSE,TRUE,FALSE,FALSE,FALSE,FALSE,FALSE,2,0,0,1/9/2019 19:01,1/9/2019 19:01
436,RJWjxxNtL,piccaninnys,,,TRUE,,,eng,piccaninny,,,FALSE,TRUE,FALSE,FALSE,FALSE,FALSE,FALSE,10,0,0,1/9/2019 18:59,1/9/2019 18:59
437,xUMRLtwiv,piccaninnies,,,TRUE,,,eng,piccaninny,,,FALSE,TRUE,FALSE,FALSE,FALSE,FALSE,FALSE,279,29,1,1/9/2019 18:59,1/9/2019 18:59
438,qfapWDnww,picaninnys,,,TRUE,,100,eng,,picaninnies,,FALSE,TRUE,FALSE,FALSE,FALSE,FALSE,FALSE,8,1,0,1/9/2019 18:57,1/9/2019 18:57
439,oDwcfmbdk,pickaninnies,,,TRUE,,100,eng,,pickaninnys,,FALSE,TRUE,FALSE,FALSE,FALSE,FALSE,FALSE,611,42,3,1/9/2019 18:55,1/9/2019 18:56
440,EntJtHM6F,pickinninies,,,TRUE,,,eng,pickinniny,,,FALSE,TRUE,FALSE,FALSE,FALSE,FALSE,FALSE,22,0,0,1/9/2019 18:54,1/9/2019 18:54
441,isCycKTmX,pickinniny,,,TRUE,,,eng,,picaninny,,FALSE,TRUE,FALSE,FALSE,FALSE,FALSE,FALSE,8,1,0,1/9/2019 18:53,1/9/2019 18:53
442,KGhbbRVqZ,piccaninny,,,TRUE,,,eng,,picaninny,,FALSE,TRUE,FALSE,FALSE,FALSE,FALSE,FALSE,278,19,3,1/9/2019 18:52,1/9/2019 18:52
443,BUZsxDtj7,picaninnies,,,TRUE,,,eng,pickaninny,,,FALSE,TRUE,FALSE,FALSE,FALSE,FALSE,FALSE,415,18,0,1/9/2019 18:51,1/9/2019 18:52
444,yVvMWnYnL,picaninny,A black child,,TRUE,,,eng,,,,FALSE,TRUE,FALSE,FALSE,FALSE,FALSE,FALSE,446,42,3,1/9/2019 18:50,1/9/2019 18:50
456,9f6AxHr39,smoke jumper,A Caucasian woman who dates a black man.,,TRUE,,81,eng,,,,FALSE,TRUE,FALSE,FALSE,FALSE,FALSE,FALSE,676,26,9,6/23/2013 6:40,1/9/2019 18:10
474,xpXPgvbQc,niggerdick,"The penis of a man of African descent, or a person with a large penis; likely popularized online for shock value",,TRUE,,,eng,,,,FALSE,TRUE,FALSE,FALSE,FALSE,FALSE,FALSE,43,2,0,1/7/2019 18:16,1/9/2019 16:28
475,DUmsUwboc,niggerdicks,,,TRUE,,,eng,niggerdick,,,FALSE,TRUE,FALSE,FALSE,FALSE,FALSE,FALSE,3,0,0,1/7/2019 18:16,1/9/2019 16:28
476,yrQisUkDo,niggerton,A town or part of town containing majority black population,,TRUE,,,eng,,,,FALSE,TRUE,FALSE,FALSE,FALSE,FALSE,FALSE,30,2,0,1/7/2019 18:32,1/9/2019 16:27
477,ftrnzUEbH,niggertown,A town or part of town containing majority black population,,TRUE,,100,eng,,,,FALSE,TRUE,FALSE,FALSE,FALSE,FALSE,FALSE,32,1,0,1/7/2019 18:31,1/9/2019 16:27
478,8nveQCoVU,niggerville,A town or part of town containing majority black population,,TRUE,,97,eng,,,,FALSE,TRUE,FALSE,FALSE,FALSE,FALSE,FALSE,129,6,0,1/7/2019 18:34,1/9/2019 16:27
479,BkYxA4AFB,retarded,"A disabled person, from 'retarded'.",,TRUE,,64,eng,,retard,,FALSE,FALSE,FALSE,FALSE,FALSE,TRUE,FALSE,2215,191,28,10/15/2013 12:43,1/9/2019 16:27
480,CaoXkrFNd,shekelnose,"Combines two anti-Semitic stereotypes: that of Jewish greed (hence the reference to ""shekel"", the currency of historical and modern Israel) and that of having a large nose.",,TRUE,,100,eng,,,,FALSE,TRUE,TRUE,FALSE,FALSE,FALSE,FALSE,0,0,0,11/15/2018 6:46,1/9/2019 16:25
482,jjUUrQcqy,kikesberg,,,TRUE,,99,eng,,kike,,FALSE,TRUE,TRUE,FALSE,FALSE,FALSE,FALSE,2,0,0,11/15/2018 6:43,1/9/2019 16:13
488,oBAmPQUNi,pisslam,Derogatory portmanteau of 'piss' and 'islam',,TRUE,,100,eng,,,,FALSE,FALSE,TRUE,FALSE,FALSE,FALSE,FALSE,973,116,15,11/1/2018 19:42,1/9/2019 14:49
494,XpNDiLAz2,gender nigger,A transgender person,,TRUE,,99,eng,,,,FALSE,FALSE,FALSE,TRUE,FALSE,FALSE,FALSE,2,0,0,11/27/2018 12:14,1/7/2019 18:44
500,Q2cAUGjUq,black dago,[1] A Sicilian [2] A darker-skinned Italian [3] An Italian of allegedly African ancestry,,TRUE,,76,eng,,,,TRUE,TRUE,FALSE,FALSE,FALSE,FALSE,FALSE,5,0,0,12/10/2013 20:56,1/7/2019 17:48
506,6FZyrdUXX,Zionazi,"Contraction of Zionist and Nazi, making a false comparison between Jews who support Israel's right to exist and Nazis.",,TRUE,,86,eng,,,,TRUE,TRUE,TRUE,FALSE,FALSE,FALSE,FALSE,2397,34,2,4/9/2013 7:48,11/15/2018 15:06
508,HpgGojWdy,sand niglet,A child of Middle Eastern descent,,TRUE,,99,eng,,,,FALSE,TRUE,FALSE,FALSE,FALSE,FALSE,FALSE,0,0,0,11/1/2018 20:39,11/1/2018 20:39
509,DLFeCwJMW,sand niglets,A child of Middle Eastern descent,,TRUE,,,eng,sand niglet,,,FALSE,TRUE,FALSE,FALSE,FALSE,FALSE,FALSE,4,0,0,11/1/2018 20:39,11/1/2018 20:39
510,sEMTfxuxh,Zionazis,A Jew living in Israel,,TRUE,,,eng,Zionazi,,,TRUE,FALSE,TRUE,FALSE,FALSE,FALSE,FALSE,568,40,8,11/1/2018 20:38,11/1/2018 20:38
514,gitNpNAas,ZOG lovers,Used by white supremacists to denote one who is subservient to Jewish people.,,TRUE,,,eng,ZOG lover,,,FALSE,TRUE,FALSE,FALSE,FALSE,FALSE,FALSE,2,0,0,11/1/2018 20:38,11/1/2018 20:38
516,QYqdHchmG,zigabos,"A black person. Jiggaboo or jigabo is from a Bantu verb tshikabo, meaning meek or servile.",,TRUE,,50,eng,zigabo,,,FALSE,TRUE,FALSE,FALSE,FALSE,FALSE,FALSE,1,0,0,11/1/2018 20:38,11/1/2018 20:38
517,UsbtrtiyQ,ziojews,Derogatory term for a Jewish zionist or those being accused of such,,TRUE,,,eng,ziojew,,,FALSE,TRUE,TRUE,FALSE,FALSE,FALSE,FALSE,41,0,0,11/1/2018 20:38,11/1/2018 20:38
518,QoVZRw zv,yellow invaders,Accusative term for refugees or immigrants from Asia,,TRUE,,,eng,yellow invader,,,FALSE,TRUE,FALSE,FALSE,FALSE,FALSE,FALSE,3,0,0,11/1/2018 20:38,11/1/2018 20:38
520,EZQUVuQzZ,yids,"A Jewish person, although it is an endonym among Yiddish-speaking Jews. (The term is also used positively in Britain for Tottenham Hotspur fans (often proudly by themselves, for example calling themselves 'the Yid Army'), which includes a large Jewish supporting base from north-east London.)",,TRUE,,,eng,yid,,,FALSE,TRUE,FALSE,FALSE,FALSE,FALSE,FALSE,1501,135,14,11/1/2018 20:38,11/1/2018 20:38
524,jUUBYKUKJ,yard apes,A black person,,TRUE,,,eng,yard ape,,,FALSE,TRUE,FALSE,FALSE,FALSE,FALSE,FALSE,187,39,0,11/1/2018 20:38,11/1/2018 20:38
527,gmronnNyG,wogs,"A swarthy or dark-skinned foreigner. Possibly derived from 'golliwogg' In Britain, it usually refers to dark skinned people from Asia or Africa, though some use the term to refer to anyone outside the borders of their own country. In Australia the term 'wog' is usually used to refer to Mediterranean Europeans (Spaniards, Italians, and Greeks) although it can be used for some Eastern Europeans, particularly those of the Balkans (Bosnians, Macedonians, Serbians, Croatians, or Albanians).",,TRUE,,,eng,wog,,,TRUE,TRUE,FALSE,FALSE,FALSE,FALSE,FALSE,1869,151,10,11/1/2018 20:38,11/1/2018 20:38
528,HPytDzfra,wops,"A person of Italian descent, derived from the Italian dialectism, 'guappo,' close to 'dude, swaggerer' and other informal appellations, a greeting among male Neapolitans.",,TRUE,,63,eng,wop,,,TRUE,FALSE,FALSE,FALSE,FALSE,FALSE,FALSE,1538,128,8,11/1/2018 20:38,11/1/2018 20:38
529,tafapiusm,wopspeak,The Italian language,,TRUE,,96,eng,,wop,,FALSE,TRUE,FALSE,FALSE,FALSE,FALSE,FALSE,0,0,0,11/1/2018 20:38,11/1/2018 20:38
531,Zmm2kVbjE,wiggas,"[1] Used in 19th-century United States to refer to the Irish. [2] Sometimes used today in reference to white people in a manner similar to white trash or redneck. [3] Also refers to white youth that imitate urban black youth by means of clothing style, mannerisms, and slang speech. The 'w' at the start of wigger refers to the white person and the 'igger' refers to nigger, which is a racial slur for black people. [4] Also used by radical Quebecois in self-reference, as in the seminal 1968 book White Niggers of America.",,TRUE,,,eng,wigga,,,TRUE,TRUE,FALSE,FALSE,FALSE,FALSE,FALSE,2877,225,19,11/1/2018 20:38,11/1/2018 20:38
532,KokCnGPcV,wiggerettes,"[1] Used in 19th-century United States to refer to the Irish. [2] Sometimes used today in reference to white people in a manner similar to white trash or redneck. [3] Also refers to white youth that imitate urban black youth by means of clothing style, mannerisms, and slang speech. The 'w' at the start of wigger refers to the white person and the 'igger' refers to nigger, which is a racial slur for black people. [4] Also used by radical Quebecois in self-reference, as in the seminal 1968 book White Niggers of America.",,TRUE,,,eng,wiggerette,,,TRUE,TRUE,FALSE,FALSE,FALSE,FALSE,FALSE,4,0,0,11/1/2018 20:38,11/1/2018 20:38
533,oxfgmefpr,wiggers,"[1] Used in 19th-century United States to refer to the Irish. [2] Sometimes used today in reference to white people in a manner similar to white trash or redneck. [3] Also refers to white youth that imitate urban black youth by means of clothing style, mannerisms, and slang speech. The 'w' at the start of wigger refers to the white person and the 'igger' refers to nigger, which is a racial slur for black people. [4] Also used by radical Quebecois in self-reference, as in the seminal 1968 book White Niggers of America.",,TRUE,,,eng,wigger,,,TRUE,TRUE,FALSE,FALSE,FALSE,FALSE,FALSE,418,46,4,11/1/2018 20:38,11/1/2018 20:38
535,Lq7fbfLtc,whiggers,"[1] Used in 19th-century United States to refer to the Irish. [2] Sometimes used today in reference to white people in a manner similar to white trash or redneck. [3] Also refers to white youth that imitate urban black youth by means of clothing style, mannerisms, and slang speech. The 'w' at the start of wigger refers to the white person and the 'igger' refers to nigger, which is a racial slur for black people. [4] Also used by radical Quebecois in self-reference, as in the seminal 1968 book White Niggers of America.",,TRUE,,,eng,whigger,,,TRUE,TRUE,FALSE,FALSE,FALSE,FALSE,FALSE,427,12,1,11/1/2018 20:38,11/1/2018 20:38
536, jUV4KZZt,white niggers,"[1] Used in 19th-century United States to refer to the Irish. [2] Sometimes used today in reference to white people in a manner similar to white trash or redneck. [3] Also refers to white youth that imitate urban black youth by means of clothing style, mannerisms, and slang speech. The 'w' at the start of wigger refers to the white person and the 'igger' refers to nigger, which is a racial slur for black people. [4] Also used by radical Quebecois in self-reference, as in the seminal 1968 book White Niggers of America.",,TRUE,,,eng,white nigger,,,TRUE,TRUE,FALSE,FALSE,FALSE,FALSE,FALSE,46,7,0,11/1/2018 20:38,11/1/2018 20:38
539,YhHYLhAMB,wegroes,A white person who is acting like a black person,,TRUE,,,eng,wegro,,,FALSE,TRUE,FALSE,FALSE,FALSE,FALSE,FALSE,12,1,0,11/1/2018 20:38,11/1/2018 20:38
540,DVoCcFbTq,wetbacks,"A person of Latino descent, particularly a Mexican migrant laborer.",,TRUE,,,eng,wetback,,,FALSE,TRUE,FALSE,FALSE,FALSE,FALSE,FALSE,1721,161,25,11/1/2018 20:38,11/1/2018 20:38
541,b2EWATroi,wexicans,A person of mixed Caucasian and Mexican parentage.,,TRUE,,,eng,wexican,,,TRUE,TRUE,FALSE,FALSE,FALSE,FALSE,FALSE,81,9,1,11/1/2018 20:38,11/1/2018 20:38
542,ypaTZ2vrR,whiggas,A white person who is acting like a black person,,TRUE,,63,eng,whigga,,,FALSE,TRUE,FALSE,FALSE,FALSE,FALSE,FALSE,334,22,1,11/1/2018 20:38,11/1/2018 20:38
545,xsRQpaGf2,Uncle Toms,A black person perceived as behaving in a subservient manner to white authority figures.,A person's name,TRUE,,100,eng,Uncle Tom,,,FALSE,TRUE,FALSE,FALSE,FALSE,FALSE,FALSE,968,96,22,11/1/2018 20:38,11/1/2018 20:38
546,ZCx7dvPTY,Velcro heads,A black person (referencing stereotypical hair type).,,TRUE,,,eng,Velcro head,,,FALSE,TRUE,FALSE,FALSE,FALSE,FALSE,FALSE,2,0,0,11/1/2018 20:38,11/1/2018 20:38
547,pcGcvDVdd,wagon burners,A Native American person.,,TRUE,,,eng,wagon burner,,,FALSE,TRUE,FALSE,FALSE,FALSE,FALSE,FALSE,90,2,0,11/1/2018 20:38,11/1/2018 20:38
556,xMvg2UkAs,tree niggers,A Native American person,,TRUE,,100,eng,tree nigger,,,FALSE,TRUE,FALSE,FALSE,FALSE,FALSE,FALSE,14,1,1,11/1/2018 20:38,11/1/2018 20:38
560,GuYiHDLgo,towel heads,"An Arab, Indian Sikh or other individual of Middle Eastern or South Asian descent wearing traditional headdress such as turbans or keffiyehs. Sometimes used generically for all Islamic nations.",,TRUE,,,eng,towel head,,,FALSE,TRUE,FALSE,FALSE,FALSE,FALSE,FALSE,1032,72,16,11/1/2018 20:38,11/1/2018 20:38
561,ZxmhaszCv,trannies,Plural of 'tranny',,TRUE,,75,eng,tranny,,,FALSE,FALSE,FALSE,TRUE,FALSE,FALSE,FALSE,1664,168,29,11/1/2018 20:38,11/1/2018 20:38
568,MrfsxZVBM,timber niggers,A Native American.,,TRUE,,,eng,timber nigger,,,FALSE,TRUE,FALSE,FALSE,FALSE,FALSE,FALSE,3,0,0,11/1/2018 20:38,11/1/2018 20:38
578,bPnWdfTou,taco niggers,An Hispanic person,,TRUE,,,eng,taco nigger,,,FALSE,TRUE,FALSE,FALSE,FALSE,FALSE,FALSE,9,1,0,11/1/2018 20:38,11/1/2018 20:38
581,FWDGGUctK,tar babies,A black child.,,TRUE,,,eng,tar baby,,,FALSE,TRUE,FALSE,FALSE,FALSE,FALSE,FALSE,495,50,4,11/1/2018 20:38,11/1/2018 20:38
585,y6fxUas7r,stump jumpers,"Used by poor rural people to denote those of lower status than themselves, particularly those who commit incest (jumping the family tree).",,TRUE,,,eng,stump jumper,,,FALSE,FALSE,FALSE,FALSE,FALSE,FALSE,TRUE,119,16,2,11/1/2018 20:38,11/1/2018 20:38
590,pwhe4Loqx,spiggotties,"A person of Hispanic descent. First recorded use in 1915. Theories include from 'no spik English' (and spiggoty from the Chicano no speak-o t'e English), but common belief is that it is an abbreviation of 'Hispanic'.",,TRUE,,,eng,spigotty,,,FALSE,TRUE,FALSE,FALSE,FALSE,FALSE,FALSE,0,0,0,11/1/2018 20:38,11/1/2018 20:38
594,WdLkoEubk,spicspeak,The Spanish language,,TRUE,,100,eng,,spic,,FALSE,TRUE,FALSE,FALSE,FALSE,FALSE,FALSE,0,0,0,11/1/2018 20:38,11/1/2018 20:38
596,Lbwq9fsvR,spiggers,A person of mixed Hispanic and black parentage.,,TRUE,,,eng,spigger,,,FALSE,TRUE,FALSE,FALSE,FALSE,FALSE,FALSE,18,0,0,11/1/2018 20:38,11/1/2018 20:38
597,gZsoZPhxL,spickish,Adjective for the nature of 'spic',,TRUE,,91,eng,,spick,,FALSE,TRUE,FALSE,FALSE,FALSE,FALSE,FALSE,3,0,0,11/1/2018 20:38,11/1/2018 20:38
598,XxyNieXqR,spiclet,The diminuitive of 'spic',,TRUE,,75,eng,,spic,,FALSE,TRUE,FALSE,FALSE,FALSE,FALSE,FALSE,5,3,0,11/1/2018 20:38,11/1/2018 20:38
600,cRECvkMPL,spicish,Alternative spelling for adjective for the nature of 'spic',,TRUE,,99,eng,,spic,,FALSE,TRUE,FALSE,FALSE,FALSE,FALSE,FALSE,10,1,0,11/1/2018 20:38,11/1/2018 20:38
601,LW8MoCHom,spickaboos,A person of mixed Hispanic and black parentage.,,TRUE,,,eng,spickaboo,,,FALSE,TRUE,FALSE,FALSE,FALSE,FALSE,FALSE,0,0,0,11/1/2018 20:38,11/1/2018 20:38
603,yYbvmedYn,spear chuckers,"A term used for an African American, or other person of African descent.",,TRUE,,,eng,spear chucker,,,FALSE,TRUE,FALSE,FALSE,FALSE,FALSE,FALSE,383,38,8,11/1/2018 20:36,11/1/2018 20:36
605,FfWFkqEoi,spice niggers,A black person.,,TRUE,,100,eng,spice nigger,,,FALSE,TRUE,FALSE,FALSE,FALSE,FALSE,FALSE,5,0,0,11/1/2018 20:36,11/1/2018 20:36
611,ZbyMopdok,smoke jumpers,A Caucasian woman who dates a black man.,,TRUE,,,eng,smoke jumper,,,FALSE,TRUE,FALSE,FALSE,FALSE,FALSE,FALSE,469,42,3,11/1/2018 20:36,11/1/2018 20:36
612,zDPNKZQXJ,smoked Irishmen,A 19th century term for a black person (intended to insult both black people and Irish).,,TRUE,,,eng,smoked Irishman,,,TRUE,TRUE,FALSE,FALSE,FALSE,FALSE,FALSE,1,0,0,11/1/2018 20:36,11/1/2018 20:36
623,pVGfoJcrT,slant eyes,"A person of Asian origin (Chinese, Japanese, Korean, Vietnamese etc.) Derived from the term for those who have epicanthic folds.",,TRUE,,100,eng,slant eye,,,FALSE,TRUE,FALSE,FALSE,FALSE,FALSE,FALSE,412,51,8,11/1/2018 20:36,11/1/2018 20:36
624,ntnTtkfis,sideways vaginas,"An Asian woman, particularly of Chinese descent.",,TRUE,,100,eng,sideways vagina,,,TRUE,TRUE,FALSE,FALSE,FALSE,FALSE,FALSE,80,3,0,11/1/2018 20:36,11/1/2018 20:36
630,AxthmQzrx,sideways cooters,"An Asian woman, particularly of Chinese descent.",,TRUE,,,eng,sideways cooter,,,TRUE,TRUE,FALSE,FALSE,FALSE,FALSE,FALSE,1,0,0,11/1/2018 20:36,11/1/2018 20:36
631,VoKTKJMXA,sideways pussies,"An Asian woman, particularly of Chinese descent.",,TRUE,,88,eng,sideways pussy,,,TRUE,TRUE,FALSE,FALSE,FALSE,FALSE,FALSE,37,2,0,11/1/2018 20:36,11/1/2018 20:36
636,WHmXNkkyw,shemales,[1] A transexual person. [2] A transgendered person. [3] An allegedly masculine woman.,,TRUE,,,eng,shemale,,,FALSE,FALSE,FALSE,TRUE,TRUE,FALSE,FALSE,139,8,0,11/1/2018 20:36,11/1/2018 20:36
637,dKqHcPUkR,sheboons,Combination of 'she' and 'baboon' to indicate a black woman,,TRUE,,,eng,sheboon,,,FALSE,TRUE,FALSE,FALSE,FALSE,FALSE,FALSE,710,110,2,11/1/2018 20:36,11/1/2018 20:36
638,wZexgibhh,sheenies,A 19th-century derogatory term for an 'untrustworthy Jew.',,TRUE,,,eng,sheeny,,,FALSE,TRUE,FALSE,FALSE,FALSE,FALSE,FALSE,132,3,0,11/1/2018 20:36,11/1/2018 20:36
652,UkBn7KrLH,sand nips,A person from the South Pacific,,TRUE,,,eng,sand nip,,,FALSE,TRUE,FALSE,FALSE,FALSE,FALSE,FALSE,1,0,0,11/1/2018 20:36,11/1/2018 20:36
653,983CNmHJi,sand niggerette,A person of Middle Eastern descent,,TRUE,,100,eng,,sand nigger,,FALSE,TRUE,FALSE,TRUE,FALSE,FALSE,FALSE,1,0,0,11/1/2018 20:36,11/1/2018 20:36
654,fHpddUbqJ,sand niggerettes,A person of Middle Eastern descent,,TRUE,,,eng,sand niggerette,,,FALSE,TRUE,FALSE,TRUE,FALSE,FALSE,FALSE,0,0,0,11/1/2018 20:36,11/1/2018 20:36
655,UhzaHDECb,sand niggers,"Derogatory term for a person from the Middle East, Arab, South Asian world",,TRUE,,,eng,sand nigger,,,TRUE,TRUE,FALSE,FALSE,FALSE,FALSE,FALSE,611,32,2,11/1/2018 20:36,11/1/2018 20:36
657,KffteAtys,sambos,A black person.,,TRUE,,,eng,sambo,,,FALSE,TRUE,FALSE,FALSE,FALSE,FALSE,FALSE,1313,130,11,11/1/2018 20:36,11/1/2018 20:36
658,iMunK8cfz,sand monkey,Variant of 'sand nigger' in relation to inhabitants of desert regions or Arabs / Muslims in general,,TRUE,,84,eng,,sand nigger,,FALSE,TRUE,TRUE,FALSE,FALSE,FALSE,FALSE,655,141,13,11/1/2018 20:36,11/1/2018 20:36
659,GkfnBnw4s,sand monkeys,Variant of 'sand nigger' in relation to inhabitants of desert regions or Arabs / Muslims in general,,TRUE,,,eng,sand monkey,,,FALSE,TRUE,TRUE,FALSE,FALSE,FALSE,FALSE,658,73,3,11/1/2018 20:36,11/1/2018 20:36
660,TVZEjy7LJ,rice niggers,An Asian person,,TRUE,,,eng,rice nigger,,,FALSE,TRUE,FALSE,FALSE,FALSE,FALSE,FALSE,17,0,0,11/1/2018 20:36,11/1/2018 20:36
662,CoAXRzeHF,roofuckers,"Literally, kangaroo-fucker, an Australian iteration on 'sheepfucker'.",,TRUE,,100,eng,roofucker,,,TRUE,TRUE,FALSE,FALSE,FALSE,FALSE,FALSE,0,0,0,11/1/2018 20:36,11/1/2018 20:36
663,zVgeFNAHL,roundeyes,A white or non-Asian person.,,TRUE,,,eng,roundeye,,,FALSE,TRUE,FALSE,FALSE,FALSE,FALSE,FALSE,89,4,0,11/1/2018 20:36,11/1/2018 20:36
664,mDXAqLhcg,Rhine monkeys,A person of German descent.,,TRUE,,48,eng,Rhine monkey,,,TRUE,FALSE,FALSE,FALSE,FALSE,FALSE,FALSE,0,0,0,11/1/2018 20:36,11/1/2018 20:36
665,rrhbJnwap,Rhineland bastard,Afro-Germans whose parents were allegedly French soldiers,,TRUE,,89,eng,,Rhine monkey,,FALSE,TRUE,FALSE,FALSE,FALSE,FALSE,FALSE,1,0,0,11/1/2018 20:36,11/1/2018 20:36
666,oreiumtuy,Rhineland bastards,Afro-Germans whose parents were allegedly French soldiers,,TRUE,,100,eng,Rhineland bastard,,,FALSE,TRUE,FALSE,FALSE,FALSE,FALSE,FALSE,60,2,0,11/1/2018 20:36,11/1/2018 20:36
667,EAQkLgarE,red niggers,A Native American person,,TRUE,,100,eng,red nigger,,,FALSE,TRUE,FALSE,FALSE,FALSE,FALSE,FALSE,11,0,0,11/1/2018 20:36,11/1/2018 20:36
668,jwhvUHvrx,rednecks,Southern laborer-class whites.,,TRUE,,50,eng,redneck,,,FALSE,FALSE,FALSE,FALSE,FALSE,FALSE,TRUE,2040,172,22,11/1/2018 20:36,11/1/2018 20:36
670,FFAVoXyAZ,retardeds,"A disabled person, from 'retarded'.",,TRUE,,,eng,retarded,,,FALSE,FALSE,FALSE,FALSE,FALSE,TRUE,FALSE,729,55,11,11/1/2018 20:36,11/1/2018 20:36
671,4UfKdVNHu,retards,"A disabled person, from 'retarded'.",To lessen speed,TRUE,,51,eng,retard,,,FALSE,FALSE,FALSE,FALSE,FALSE,TRUE,FALSE,1509,138,17,11/1/2018 20:36,11/1/2018 20:36
672,mXCYFpPtr,race traitors,Term used by white supremacists to denote a person of mixed race.,,TRUE,,75,eng,race traitor,,,FALSE,TRUE,FALSE,FALSE,FALSE,FALSE,FALSE,703,75,9,11/1/2018 20:36,11/1/2018 20:36
673,tNVFoPbxr,ragheads,"An Arab, Indian Sikh or other individual of Middle Eastern or South Asian descent wearing traditional headdress such as turbans or keffiyehs. Sometimes used generically for all Islamic nations.",,TRUE,,,eng,raghead,,,FALSE,TRUE,FALSE,FALSE,FALSE,FALSE,FALSE,1625,91,4,11/1/2018 20:36,11/1/2018 20:36
675,XdbsKZvHm,quadroons,"A person who is 1/4 Black. Coined during the Civil War, referring to how White you had to be in order to serve in the army.",,TRUE,,75,eng,quadroon,,,FALSE,TRUE,FALSE,FALSE,FALSE,FALSE,FALSE,851,76,7,11/1/2018 20:36,11/1/2018 20:36
679,kiqy2nqWV,proddy dogs,"A Protestant, particularly a rival kid from a Protestant school. 'Proddywhoddy' and 'proddywoddy' are used in children's school rhymes in Cork",,TRUE,,,eng,proddy dog,,,FALSE,FALSE,TRUE,FALSE,FALSE,FALSE,FALSE,43,4,0,11/1/2018 20:36,11/1/2018 20:36
680,TGmkoWJUG,proddywhoddies,"A Protestant, particularly a rival kid from a Protestant school. 'Proddywhoddy' and 'proddywoddy' are used in children's school rhymes in Cork",,TRUE,,,eng,proddywhoddy,,,FALSE,FALSE,TRUE,FALSE,FALSE,FALSE,FALSE,0,0,0,11/1/2018 20:36,11/1/2018 20:36
681,M4dXFdwgo,proddywoddies,"A Protestant, particularly a rival kid from a Protestant school. 'Proddywhoddy' and 'proddywoddy' are used in children's school rhymes in Cork",,TRUE,,75,eng,proddywoddy,,,FALSE,FALSE,TRUE,FALSE,FALSE,FALSE,FALSE,1,0,0,11/1/2018 20:36,11/1/2018 20:36
684,RCXciZTPB,prairie niggers,A Native American.,,TRUE,,100,eng,prairie nigger,,,FALSE,TRUE,FALSE,FALSE,FALSE,FALSE,FALSE,7,0,0,11/1/2018 20:36,11/1/2018 20:36
688,orsPoFXVf,porch monkeys,A black person referring to perceived common behavior of groups hanging out on front porches or steps of urban apartment complexes in US cities.,,TRUE,,100,eng,porch monkey,,,FALSE,TRUE,FALSE,FALSE,FALSE,FALSE,FALSE,1774,213,28,11/1/2018 20:36,11/1/2018 20:36
690,FFwomYhqT,polacks,"A Pole or a person of Polish or Slavic origin, from the Polish endonym, Polak (see Name of Poland).",,TRUE,,,eng,polack,,,TRUE,FALSE,FALSE,FALSE,FALSE,FALSE,FALSE,736,95,10,11/1/2018 20:36,11/1/2018 20:36
692,VTFeLZT u,pommie grants,"A British (usually English) immigrant. Some claim it derives from 'Prisoner of Mother England' or 'Prisoner of Her Majesty', but it probably derives from pomegranate, rhyming slang for 'immigrant'. It is often used irreverently and is usually considered offensive. Many such migrants to Australia, such as Prime Minister Julia Gillard, call themselves 'ten pound poms', because they paid ten pounds for their passage to Australia between 1945 and 1972 under an assisted migration scheme. Often combined with an adjective, particularly whingeing pom, a reference to migrants who complained about their adopted country. Often used in a sporting (especially cricket and rugby) context, with liberal use of 'pom' and 'Aussie' being used by the media; the term is often seen as unoffensive in this context, and instead as light-hearted banter by those who use it, but still possibly as offensive by those whom it is directed at.",,TRUE,,,eng,pommie grant,,,TRUE,FALSE,FALSE,FALSE,FALSE,FALSE,FALSE,0,0,0,11/1/2018 20:36,11/1/2018 20:36
696,j44sj7jka,pineapple niggers,A person of Hawaiian descent.,,TRUE,,100,eng,pineapple nigger,,,FALSE,TRUE,FALSE,FALSE,FALSE,FALSE,FALSE,0,0,0,11/1/2018 20:36,11/1/2018 20:36
699,2psUtmiZx,plastic paddies,A non-Irish person who claims to be Irish.,,TRUE,,,eng,plastic paddy,,,TRUE,TRUE,FALSE,FALSE,FALSE,FALSE,FALSE,920,95,7,11/1/2018 20:36,11/1/2018 20:36
702,ZV2LkUXHj,pickaninnys,Black children.,,TRUE,,,eng,pickaninny,,,FALSE,TRUE,FALSE,FALSE,FALSE,FALSE,FALSE,59,0,0,11/1/2018 20:36,11/1/2018 20:36
705,K2CcWYV4H,papists,"A Roman Catholic person, usually Irish Catholic.",,TRUE,,89,eng,papist,,,FALSE,FALSE,TRUE,FALSE,FALSE,FALSE,FALSE,1461,142,13,11/1/2018 20:36,11/1/2018 20:36
707,nNepsTRQF,pavement apes,A black person,,TRUE,,,eng,pavement ape,,,FALSE,TRUE,FALSE,FALSE,FALSE,FALSE,FALSE,325,13,0,11/1/2018 20:36,11/1/2018 20:36
710,kFjZGTzof,pancake faces,An Asian person.,,TRUE,,,eng,pancake face,,,FALSE,TRUE,FALSE,FALSE,FALSE,FALSE,FALSE,128,42,0,11/1/2018 20:36,11/1/2018 20:36
715,fotXhCrbw,oven dodgers,"A Jew, alluding to one who escaped cremation during Holocaust.",,TRUE,,,eng,oven dodger,,,FALSE,TRUE,TRUE,FALSE,FALSE,FALSE,FALSE,208,26,2,11/1/2018 20:36,11/1/2018 20:36
717,z7PiZpfno,Pakiland,Pakistan,,TRUE,,93,eng,,paki,,TRUE,FALSE,FALSE,FALSE,FALSE,FALSE,FALSE,866,70,3,11/1/2018 20:36,11/1/2018 20:36
721,iqAaXvQM3,octaroons,A person who is 1/8th Black. Originated by the Spanish in the 14th/15th century as they were very exact in their racial classifications to determine a person's worth in society.,,TRUE,,,eng,octaroon,,,FALSE,TRUE,FALSE,FALSE,FALSE,FALSE,FALSE,356,27,2,11/1/2018 20:36,11/1/2018 20:36
722,xbyFKfunr,octroons,A person who is 1/8th Black. Originated by the Spanish in the 14th/15th century as they were very exact in their racial classifications to determine a person's worth in society.,,TRUE,,,eng,octroon,,,FALSE,TRUE,FALSE,FALSE,FALSE,FALSE,FALSE,10,1,0,11/1/2018 20:36,11/1/2018 20:36
723,QEdfrhBDA,ofays,"A white person, from Pig Latin for 'foe.'",,TRUE,,,eng,ofay,,,FALSE,TRUE,FALSE,FALSE,FALSE,FALSE,FALSE,732,72,4,11/1/2018 20:36,11/1/2018 20:36
731,oKdMBCPHH,niglette,Diminuitive of 'nigger',,TRUE,,87,eng,,niglet,,FALSE,TRUE,FALSE,FALSE,FALSE,FALSE,FALSE,131,9,1,11/1/2018 20:36,11/1/2018 20:36
733,oqBjEt7gp,nigguhs,A black person.,,TRUE,,100,eng,nigguh,,,FALSE,TRUE,FALSE,FALSE,FALSE,FALSE,FALSE,2855,231,28,11/1/2018 20:36,11/1/2018 20:36
734,qMJsktvAb,niggurs,A black person.,,TRUE,,,eng,niggur,,,FALSE,TRUE,FALSE,FALSE,FALSE,FALSE,FALSE,2529,199,15,11/1/2018 20:36,11/1/2018 20:36
735,hUzTGNQgZ,niglets,A black child.,,TRUE,,100,eng,niglet,,,FALSE,TRUE,FALSE,FALSE,FALSE,FALSE,FALSE,3269,284,28,11/1/2018 20:36,11/1/2018 20:36
736,6iKGNeM4y,niggerization,An increase in African-American / African influence,,TRUE,,98,eng,,niggerize,,FALSE,TRUE,FALSE,FALSE,FALSE,FALSE,FALSE,76,3,0,11/1/2018 20:36,11/1/2018 20:36
737,zKndadqiP,nigglets,A black child.,,TRUE,,,eng,nigglet,,,FALSE,TRUE,FALSE,FALSE,FALSE,FALSE,FALSE,2950,261,24,11/1/2018 20:36,11/1/2018 20:36
738,fzMvKVawe,niggors,A black person.,,TRUE,,,eng,niggor,,,FALSE,TRUE,FALSE,FALSE,FALSE,FALSE,FALSE,138,10,0,11/1/2018 20:36,11/1/2018 20:36
739,CCFEEWhwY,niggars,A black person.,,TRUE,,,eng,niggar,,,FALSE,TRUE,FALSE,FALSE,FALSE,FALSE,FALSE,2257,183,34,11/1/2018 20:36,11/1/2018 20:36
740,eccBs8hUq,niggerettes,Female diminuitive of 'nigger',,TRUE,,,eng,niggerette,nigger,,FALSE,TRUE,FALSE,FALSE,FALSE,FALSE,FALSE,227,2,0,11/1/2018 20:36,11/1/2018 20:36
743,bitygpivh,nigettes,A black person.,,TRUE,,,eng,nigette,,,FALSE,TRUE,FALSE,FALSE,FALSE,FALSE,FALSE,220,15,1,11/1/2018 20:36,11/1/2018 20:36
748,tLDMMCQyK,nig nogs,A black person.,,TRUE,,,eng,nig nog,,,FALSE,TRUE,FALSE,FALSE,FALSE,FALSE,FALSE,2955,266,46,11/1/2018 20:36,11/1/2018 20:36
756,qfWaLeczw,muzzies,A Muslim.,,TRUE,,,eng,muzzie,,,FALSE,FALSE,TRUE,FALSE,FALSE,FALSE,FALSE,1915,242,40,11/1/2018 20:36,11/1/2018 20:36
757,wTsmc3wkk,muzzpigs,Derogatory portmanteau of Muslim and 'pig',,TRUE,,48,eng,muzzpig,,,FALSE,FALSE,TRUE,FALSE,FALSE,FALSE,FALSE,0,0,0,11/1/2018 20:36,11/1/2018 20:36
758,UqToGpnbQ,muzzrats,Derogatory portmanteau of Muslim and 'rat',,TRUE,,,eng,muzzrat,,,FALSE,FALSE,TRUE,FALSE,FALSE,FALSE,FALSE,205,11,2,11/1/2018 20:36,11/1/2018 20:36
768,tjU8YNGoD,mud persons,White supremacist term for a black person.,,TRUE,,,eng,mud person,,,FALSE,TRUE,FALSE,FALSE,FALSE,FALSE,FALSE,0,0,0,11/1/2018 20:36,11/1/2018 20:36
769,orfvk2qLw,mud sharks,A Caucasian woman who dates a black man.,,TRUE,,,eng,mud shark,,,FALSE,TRUE,FALSE,FALSE,FALSE,FALSE,FALSE,427,29,3,11/1/2018 20:36,11/1/2018 20:36
774,nRZyFbpbH,mossheads,A black person.,,TRUE,,,eng,mosshead,,,FALSE,TRUE,FALSE,FALSE,FALSE,FALSE,FALSE,35,3,0,11/1/2018 20:36,11/1/2018 20:36
778,gvisfuzqy,moon crickets,A black person,,TRUE,,100,eng,moon cricket,,,FALSE,TRUE,FALSE,FALSE,FALSE,FALSE,FALSE,870,94,20,11/1/2018 20:36,11/1/2018 20:36
782,LgGsuRvLj,mongs,"A disabled person, from 'mongoloid'.",,TRUE,,,eng,mong,,,FALSE,FALSE,FALSE,FALSE,FALSE,TRUE,FALSE,2170,212,29,11/1/2018 20:36,11/1/2018 20:36
807,RgKpesbKk,kykes,"An Ashkenazi Jew. From kikel, Yiddish for 'circle'. Illiterate immigrant Jews signed legal documents with an 'O' (similar to an 'X').",,TRUE,,,eng,kyke,,,FALSE,TRUE,FALSE,FALSE,FALSE,FALSE,FALSE,141,21,0,11/1/2018 20:35,11/1/2018 20:35
808,xWZARKnen,latrinos,"In the USA a person of Latino descent, from 'latrine'. Extremely offensive.",,TRUE,,,eng,latrino,,,FALSE,TRUE,FALSE,FALSE,FALSE,FALSE,FALSE,60,2,0,11/1/2018 20:35,11/1/2018 20:35
810,MGzMRK4ZY,kikes,"An Ashkenazi Jew. From kikel, Yiddish for 'circle'. Illiterate immigrant Jews signed legal documents with an 'O' (similar to an 'X').",,TRUE,,,eng,kike,,,FALSE,TRUE,FALSE,FALSE,FALSE,FALSE,FALSE,1178,142,21,11/1/2018 20:35,11/1/2018 20:35
812,njJBwuZkv,kneegroes,Alternative form of 'negro',,TRUE,,,eng,kneegrow,,,FALSE,TRUE,FALSE,FALSE,FALSE,FALSE,FALSE,858,60,8,11/1/2018 20:35,11/1/2018 20:35
815,4igsctQFa,jijjiboos,"A black person. Jiggaboo or jigabo is from a Bantu verb tshikabo, meaning meek or servile.",,TRUE,,75,eng,jijjiboo,,,FALSE,TRUE,FALSE,FALSE,FALSE,FALSE,FALSE,0,0,0,11/1/2018 20:35,11/1/2018 20:35
819,LKvcfomLf,jungle bunnys,A black person.,,TRUE,,,eng,jungle bunny,,,FALSE,TRUE,FALSE,FALSE,FALSE,FALSE,FALSE,18,1,0,11/1/2018 20:35,11/1/2018 20:35
822,otFbUJH8q,jiggaboos,"A black person. Jiggaboo or jigabo is from a Bantu verb tshikabo, meaning meek or servile.",,TRUE,,100,eng,jiggaboo,,,FALSE,TRUE,FALSE,FALSE,FALSE,FALSE,FALSE,2193,206,28,11/1/2018 20:35,11/1/2018 20:35
823,3peywqgnR,jiggabos,"A black person. Jiggaboo or jigabo is from a Bantu verb tshikabo, meaning meek or servile.",,TRUE,,,eng,jiggabo,,,FALSE,TRUE,FALSE,FALSE,FALSE,FALSE,FALSE,12,0,0,11/1/2018 20:35,11/1/2018 20:35
824,xQEQNYtap,jigaboos,"A black person. Jiggaboo or jigabo is from a Bantu verb tshikabo, meaning meek or servile.",,TRUE,,100,eng,jigaboo,,,FALSE,TRUE,FALSE,FALSE,FALSE,FALSE,FALSE,1145,98,24,11/1/2018 20:35,11/1/2018 20:35
825,pp7uBGNmc,jigaroonis,"A black person. Jiggaboo or jigabo is from a Bantu verb tshikabo, meaning meek or servile.",,TRUE,,,eng,jigarooni,,,FALSE,TRUE,FALSE,FALSE,FALSE,FALSE,FALSE,0,0,0,11/1/2018 20:35,11/1/2018 20:35
826,RquVipLtB,jewbagg,Intentional misspelling of 'jewbag',,TRUE,,98,eng,,jewbag,,FALSE,TRUE,TRUE,FALSE,FALSE,FALSE,FALSE,0,0,0,11/1/2018 20:35,11/1/2018 20:35
828,EMPPYNEHP,Japs,"[1] A Japanese soldier or national, or anyone of Japanese descent. [2] Acronym for 'Jewish-American Princess.'",,TRUE,,25,eng,Jap,,,TRUE,TRUE,FALSE,FALSE,FALSE,FALSE,FALSE,567,65,9,11/1/2018 20:35,11/1/2018 20:35
830,yhxcimfx4,jew-fucked,One who has sexual relations with Jews,,TRUE,,99,eng,,jew-fucker,,FALSE,TRUE,TRUE,FALSE,FALSE,FALSE,FALSE,0,0,0,11/1/2018 20:35,11/1/2018 20:35
833,oWdJfbn7c,Japland,Japan,,TRUE,,86,eng,,Jap,,TRUE,TRUE,FALSE,FALSE,FALSE,FALSE,FALSE,126,8,2,11/1/2018 20:35,11/1/2018 20:35
834,oTzVeiski,island niggers,A Polynesian.,,TRUE,,,eng,island nigger,,,TRUE,TRUE,FALSE,FALSE,FALSE,FALSE,FALSE,14,1,0,11/1/2018 20:35,11/1/2018 20:35
836,ndZAAaibs,injuns,"A Native American, from 'Indian'.",,TRUE,,,eng,injun,,,FALSE,TRUE,FALSE,FALSE,FALSE,FALSE,FALSE,1420,133,13,11/1/2018 20:34,11/1/2018 20:34
837,xtVGK4Azt,ice monkeys,A Finn.,,TRUE,,,eng,ice monkey,,,TRUE,FALSE,FALSE,FALSE,FALSE,FALSE,FALSE,152,28,0,11/1/2018 20:34,11/1/2018 20:34
838,iurmwna23,ice niggers,A black Canadian.,,TRUE,,,eng,ice nigger,,,TRUE,TRUE,FALSE,FALSE,FALSE,FALSE,FALSE,5,0,0,11/1/2018 20:34,11/1/2018 20:34
847,NwpscyGwe,house niggers,"As with Uncle Tom, a reference to a black person who is subservient to whites.",,TRUE,,,eng,house nigger,,,FALSE,TRUE,FALSE,FALSE,FALSE,FALSE,FALSE,718,66,16,11/1/2018 20:34,11/1/2018 20:34
854,kThyFgTcR,honkeye,Alternative spelling of 'honky',,TRUE,,72,eng,,honky,,FALSE,TRUE,FALSE,FALSE,FALSE,FALSE,FALSE,5,1,0,11/1/2018 20:34,11/1/2018 20:34
855,YCFgddEWV,honkies,"A white person. Derived from an African-American pronunciation of 'hunky', the disparaging term for a Hungarian laborer. The first record of its use as an insulting term for a white person dates from the 1950s.",,TRUE,,,eng,honkie,,,FALSE,TRUE,FALSE,FALSE,FALSE,FALSE,FALSE,2179,216,32,11/1/2018 20:34,11/1/2018 20:34
856,YumFKhFtp,honklets,The diminuitive of 'honky',,TRUE,,,eng,honklet,,,FALSE,TRUE,FALSE,FALSE,FALSE,FALSE,FALSE,18,0,0,11/1/2018 20:34,11/1/2018 20:34
858,XgPBKeADX,higgers,A Hindu person with preceived black mannerisms.,,TRUE,,50,eng,higger,,,FALSE,TRUE,TRUE,FALSE,FALSE,FALSE,FALSE,656,35,2,11/1/2018 20:34,11/1/2018 20:34
860,crzuyYivM,hebros,"A black Jew, from the combination of Hebrew and 'bro'.",,TRUE,,100,eng,hebro,,,FALSE,TRUE,TRUE,FALSE,FALSE,FALSE,FALSE,55,6,0,11/1/2018 20:34,11/1/2018 20:34
861,buLWvnacu,heebs,"A Jewish person, derived from the word 'Hebrew'.",,TRUE,,75,eng,heeb,,,FALSE,TRUE,TRUE,FALSE,FALSE,FALSE,FALSE,629,47,5,11/1/2018 20:34,11/1/2018 20:34
862,mMHLjyXgi,heinies,A person of German descent.,,TRUE,,75,eng,heinie,,,TRUE,FALSE,FALSE,FALSE,FALSE,FALSE,FALSE,1136,71,1,11/1/2018 20:34,11/1/2018 20:34
864,UaMJJWLTB,halfricans,Denotes a person that is half African.,,TRUE,,100,eng,halfrican,,,FALSE,TRUE,FALSE,FALSE,FALSE,FALSE,FALSE,122,9,1,11/1/2018 20:34,11/1/2018 20:34
865,2DfRGnbHP,gypos,"[1] A Romani people. [2] Egyptians. These are variations of 'Gypsy', the most common word in English for people of Romani origin. 'Gypsy' is not in itself an ethnic slur but its usage is sometimes controversial.",,TRUE,,,eng,gypo,,,FALSE,TRUE,FALSE,FALSE,FALSE,FALSE,FALSE,2207,183,29,11/1/2018 20:34,11/1/2018 20:34
866,ToQGANTDK,gyppies,"[1] A Romani people. [2] Egyptians. These are variations of 'Gypsy', the most common word in English for people of Romani origin. 'Gypsy' is not in itself an ethnic slur but its usage is sometimes controversial.",,TRUE,,,eng,gyppie,,,FALSE,TRUE,FALSE,FALSE,FALSE,FALSE,FALSE,3,1,0,11/1/2018 20:34,11/1/2018 20:34
867,gqdnoyLAN,gyppos,"[1] A Romani people. [2] Egyptians. These are variations of 'Gypsy', the most common word in English for people of Romani origin. 'Gypsy' is not in itself an ethnic slur but its usage is sometimes controversial.",,TRUE,,,eng,gyppo,,,FALSE,TRUE,FALSE,FALSE,FALSE,FALSE,FALSE,424,37,7,11/1/2018 20:34,11/1/2018 20:34
877,gCYTLHAKX,groids,A black person. Derived from 'negroid'.,,TRUE,,,eng,groid,,,FALSE,TRUE,FALSE,FALSE,FALSE,FALSE,FALSE,754,58,2,11/1/2018 20:34,11/1/2018 20:34
880,QNHQoZdHD,golliwogs,"Originally a children's literary character and type of black doll, but eventually came to be used as a slur against people with dark skin, most commonly Afro-Caribbeans.",,TRUE,,,eng,golliwog,,,FALSE,TRUE,FALSE,FALSE,FALSE,FALSE,FALSE,711,68,8,11/1/2018 20:34,11/1/2018 20:34
882,PmbhWRHzs,gook eyes,"An Asian, especially an enemy soldier of Asian descent. Its use as an ethnic slur has been traced to US Marines serving in the Philippines in the early 20th century. The earliest recorded example is dated 1920. It gained widespread notice as a result of the Korean and Vietnam wars.",,TRUE,,,eng,gook eye,,,FALSE,TRUE,FALSE,FALSE,FALSE,FALSE,FALSE,22,1,0,11/1/2018 20:34,11/1/2018 20:34
885,ugMJzQipY,gippos,"[1] A Romani people. [2] Egyptians. These are variations of 'Gypsy', the most common word in English for people of Romani origin. 'Gypsy' is not in itself an ethnic slur but its usage is sometimes controversial.",,TRUE,,,eng,gippo,,,FALSE,TRUE,FALSE,FALSE,FALSE,FALSE,FALSE,196,11,3,11/1/2018 20:34,11/1/2018 20:34
886,ZZfMWT6wn,gipps,"[1] A Romani people. [2] Egyptians. These are variations of 'Gypsy', the most common word in English for people of Romani origin. 'Gypsy' is not in itself an ethnic slur but its usage is sometimes controversial.",,TRUE,,,eng,gipp,,,FALSE,TRUE,FALSE,FALSE,FALSE,FALSE,FALSE,94,20,4,11/1/2018 20:34,11/1/2018 20:34
890,JQZ7GcAEW,gin jockeys,"In Australia, a white person having casual sex with an Aboriginal woman. Pejorative.",,TRUE,,,eng,gin jockey,,,FALSE,TRUE,FALSE,FALSE,FALSE,FALSE,FALSE,1,0,0,11/1/2018 20:34,11/1/2018 20:34
895,mcDQpJtgu,ghetto hamsters,A black child.,,TRUE,,,eng,ghetto hamster,,,FALSE,TRUE,FALSE,FALSE,FALSE,FALSE,FALSE,2,0,0,11/1/2018 20:34,11/1/2018 20:34
905,jcXUgWTAC,fudgepackers,A homosexual who engages in anal sex,,TRUE,,75,eng,fudgepacker,,,FALSE,FALSE,FALSE,TRUE,TRUE,FALSE,FALSE,456,65,0,11/1/2018 20:34,11/1/2018 20:34
907,fVRHYCbiW,fog niggers,A black person of British nationality.,,TRUE,,,eng,fog nigger,,,TRUE,TRUE,FALSE,FALSE,FALSE,FALSE,FALSE,0,0,0,11/1/2018 20:34,11/1/2018 20:34
910,BtriLbsvp,flipabeanos,A person of Filipino and Mexican descent,,TRUE,,50,eng,flipabeano,,,TRUE,FALSE,FALSE,FALSE,FALSE,FALSE,FALSE,1,0,0,11/1/2018 20:34,11/1/2018 20:34
915,zXBFzymma,fagbags,A homosexual male,,TRUE,,,eng,fagbag,,,FALSE,FALSE,FALSE,FALSE,TRUE,FALSE,FALSE,108,10,0,11/1/2018 20:34,11/1/2018 20:34
916,GUPEp7JYD,faggots,A homosexual.,,TRUE,,92,eng,faggot,,,FALSE,FALSE,FALSE,FALSE,TRUE,FALSE,FALSE,1665,176,16,11/1/2018 20:34,11/1/2018 20:34
917,q3EmqifRk,faggy,One expressing homosexually tendencies,,TRUE,,98,eng,,fag,,FALSE,FALSE,FALSE,FALSE,TRUE,FALSE,FALSE,1426,69,11,11/1/2018 20:34,11/1/2018 20:34
924,BEUT4DVDF,dune coons,A person of Arab descent.,,TRUE,,,eng,dune coon,,,FALSE,TRUE,FALSE,FALSE,FALSE,FALSE,FALSE,146,5,0,11/1/2018 20:34,11/1/2018 20:34
925,NoQk9XdTB,dune niggers,A person of Arab descent.,,TRUE,,100,eng,dune nigger,,,FALSE,TRUE,FALSE,FALSE,FALSE,FALSE,FALSE,1,1,0,11/1/2018 20:34,11/1/2018 20:34
931,MGdgzpW4g,diaper heads,"An Arab, Indian Sikh or other individual of Middle Eastern or South Asian descent wearing traditional headdress such as turbans or keffiyehs. Sometimes used generically for all Islamic nations.",,TRUE,,,eng,diaper head,,,FALSE,TRUE,FALSE,FALSE,FALSE,FALSE,FALSE,238,19,1,11/1/2018 20:34,11/1/2018 20:34
934,uRaeEbRfW,dingo fuckers,An Australian,,TRUE,,,eng,dingo fucker,,,TRUE,FALSE,FALSE,FALSE,FALSE,FALSE,FALSE,2,0,0,11/1/2018 20:34,11/1/2018 20:34
937,MmBhnWLKJ,darkies,"A black person. The term may cause offense. though Randall Kennedy's Nigger: The Strange Career of a Troublesome Word notes that some judges have considered 'darky' a 'term of endearment.' In South Africa, it can be considered offensive (depending on the context), but is commonly used among black people to refer to other black people in a non-derogatory way.",,TRUE,,81,eng,darkie,,,FALSE,TRUE,FALSE,FALSE,FALSE,FALSE,FALSE,1276,80,6,11/1/2018 20:34,11/1/2018 20:34
939,ehhnoRzTF,curry munchers,A person of East Indian origin.,,TRUE,,50,eng,curry muncher,,,FALSE,TRUE,FALSE,FALSE,FALSE,FALSE,FALSE,1895,230,22,11/1/2018 20:34,11/1/2018 20:34
940,zrhZMZafE,curry slurpers,A person of East Indian origin.,,TRUE,,,eng,curry slurper,,,FALSE,TRUE,FALSE,FALSE,FALSE,FALSE,FALSE,0,0,0,11/1/2018 20:34,11/1/2018 20:34
941,DLPonpCJ4,curry stinkers,A person of East Indian origin.,,TRUE,,88,eng,curry stinker,,,FALSE,TRUE,FALSE,FALSE,FALSE,FALSE,FALSE,4,2,0,11/1/2018 20:34,11/1/2018 20:34
947,bcaW2VQdy,cowboy killers,A Native American.,,TRUE,,,eng,cowboy killer,,,FALSE,TRUE,FALSE,FALSE,FALSE,FALSE,FALSE,1299,95,13,11/1/2018 20:34,11/1/2018 20:34
949,YamaZMMop,Congoids,Some concatenation of Congo and mongoloid,,TRUE,,,eng,Congoid,,,FALSE,TRUE,FALSE,FALSE,FALSE,FALSE,FALSE,221,29,5,11/1/2018 20:34,11/1/2018 20:34
951,BtwLPDjMf,coonadians,A Canadian of African descent; sometimes applied to aboriginals,,TRUE,,,eng,coonadian,,,FALSE,TRUE,FALSE,FALSE,FALSE,FALSE,FALSE,3,1,0,11/1/2018 20:34,11/1/2018 20:34
958,trfXetFpQ,closetfags,A person accused of being an homosexual,,TRUE,,,eng,closetfag,,,FALSE,FALSE,FALSE,FALSE,TRUE,FALSE,FALSE,7,0,0,11/1/2018 20:34,11/1/2018 20:34
963,GsGjT2HZX,closet fags,A person accused of being an homosexual,,TRUE,,,eng,closet fag,,,FALSE,FALSE,FALSE,FALSE,TRUE,FALSE,FALSE,158,18,3,11/1/2018 20:34,11/1/2018 20:34
965,apriiip9s,Christ killers,"A Jew, an allusion to Jewish deicide. On occasion it can also be used as an anti-Italian slur on the basis the Romans, as ancestors of the present-day Italians, executed Jesus.",,TRUE,,,eng,Christ killer,,,FALSE,TRUE,TRUE,FALSE,FALSE,FALSE,FALSE,364,23,2,11/1/2018 20:33,11/1/2018 20:33
969,cHjLREGBN,cholo chasers,A person who engages in relationships with hispanic individuals,,TRUE,,,eng,cholo chaser,,,FALSE,TRUE,FALSE,FALSE,FALSE,FALSE,FALSE,0,0,0,11/1/2018 20:33,11/1/2018 20:33
970,gVHZD7Di ,cholo chasing,A person who engages in relationships with Hispanic individuals,,TRUE,,90,eng,,cholo chaser,,FALSE,TRUE,FALSE,FALSE,FALSE,FALSE,FALSE,0,0,0,11/1/2018 20:33,11/1/2018 20:33
971,nay7NBvtA,Chinamen,"Found offensive, although it is a translation of the Chinese. It was used in the gold rush and railway-construction eras in western North America, when discrimination against Chinese was common.",,TRUE,,,eng,Chinaman,,,TRUE,FALSE,FALSE,FALSE,FALSE,FALSE,FALSE,1305,94,10,11/1/2018 20:33,11/1/2018 20:33
972, 4cbPcsFY,Chinese wetbacks,"A Filipino, particularly having a Mexican and Chinese heritage.",,TRUE,,,eng,Chinese wetback,,,TRUE,TRUE,FALSE,FALSE,FALSE,FALSE,FALSE,0,0,0,11/1/2018 20:33,11/1/2018 20:33
973,gUtCt4dyz,ching chongs,"A person of perceived Chinese or East Asian descent. An offensive term that has raised considerable controversy, for example when used by comedian Rosie O'Donnell.",,TRUE,,75,eng,ching chong,,,FALSE,TRUE,FALSE,FALSE,FALSE,FALSE,FALSE,1495,105,13,11/1/2018 20:33,11/1/2018 20:33
975,fMPZNgUoB,chink a billies,A rural person of Chinese descent.,,TRUE,,,eng,chink a billy,,,TRUE,TRUE,FALSE,FALSE,FALSE,FALSE,TRUE,0,0,0,11/1/2018 20:33,11/1/2018 20:33
979,YgBANPYBP,chili shitters,A person of Hispanic descent.,,TRUE,,,eng,chili shitter,,,FALSE,TRUE,FALSE,FALSE,FALSE,FALSE,FALSE,1,0,0,11/1/2018 20:33,11/1/2018 20:33
986,pVDyHLJRL,Caublasians,"A person of mixed Caucasian, African and Asian heritage",,TRUE,,,eng,Caublasian,,,FALSE,TRUE,FALSE,FALSE,FALSE,FALSE,FALSE,2,1,0,11/1/2018 20:33,11/1/2018 20:33
987,CEvRcrKqd,cave niggers,A person of Middle Eastern descent,,TRUE,,93,eng,cave nigger,,,FALSE,TRUE,FALSE,FALSE,FALSE,FALSE,TRUE,5,0,0,11/1/2018 20:33,11/1/2018 20:33
988,qEbMYNEZb,camel jockeys,Person of Middle Eastern descent.,,TRUE,,50,eng,camel jockey,,,FALSE,TRUE,FALSE,FALSE,FALSE,FALSE,FALSE,1051,108,25,11/1/2018 20:33,11/1/2018 20:33
990,RrxusHKmt,carpet pilots,"A person of Arabic descent, from Aladdin and his magic carpet.",,TRUE,,,eng,carpet pilot,,,FALSE,TRUE,FALSE,FALSE,FALSE,FALSE,FALSE,22,1,0,11/1/2018 20:33,11/1/2018 20:33
991,NvRzsgfhK,cab niggers,"A person of Indian or Middle Eastern descent, based on the perceived surfeit of immigrants driving cabs in the United States.",,TRUE,,75,eng,cab nigger,,,FALSE,TRUE,FALSE,FALSE,FALSE,FALSE,FALSE,1,0,0,11/1/2018 20:33,11/1/2018 20:33
992,LKz2wrx4P,camel cowboys,Person of Middle Eastern descent.,,TRUE,,,eng,camel cowboy,,,FALSE,TRUE,FALSE,FALSE,FALSE,FALSE,FALSE,3,0,0,11/1/2018 20:33,11/1/2018 20:33
993,kejmkgarG,camel fuckers,[1] An Arab. [2] A Muslim.,,TRUE,,100,eng,camel fucker,,,TRUE,TRUE,TRUE,FALSE,FALSE,FALSE,FALSE,252,20,4,11/1/2018 20:33,11/1/2018 20:33
994,wXPLxhX2g,camel humpers,Person of Middle Eastern descent.,,TRUE,,100,eng,camel humper,,,FALSE,TRUE,FALSE,FALSE,FALSE,FALSE,FALSE,135,3,1,11/1/2018 20:33,11/1/2018 20:33
995,CPgwXBBEf,camel jackers,Person of Middle Eastern descent.,,TRUE,,,eng,camel jacker,,,FALSE,TRUE,FALSE,FALSE,FALSE,FALSE,FALSE,1,1,0,11/1/2018 20:33,11/1/2018 20:33
998,gmUQbqhNx,burrheads,A black person (referencing stereotypical hair type).,,TRUE,,75,eng,burrhead,,,FALSE,TRUE,FALSE,FALSE,FALSE,FALSE,FALSE,5,0,0,11/1/2018 20:33,11/1/2018 20:33
999,dtxsPQeHW,butt pirates,A homosexual who engages in anal sex,,TRUE,,63,eng,butt pirate,,,FALSE,FALSE,FALSE,TRUE,TRUE,FALSE,FALSE,1067,82,3,11/1/2018 20:33,11/1/2018 20:33
1001,47LJCnwxe,Buddhaheads,An Asian. Also used by mainland Japanese Americans to refer to Hawaiian Japanese Americans since World War II.,,TRUE,,,eng,Buddhahead,,,FALSE,TRUE,FALSE,FALSE,FALSE,FALSE,FALSE,6,0,0,11/1/2018 20:33,11/1/2018 20:33
1010,vppczeurd,brown invader,Accusative term for refugees or immigrants of darker complexion,,TRUE,,75,eng,,black invader,,FALSE,TRUE,FALSE,FALSE,FALSE,FALSE,FALSE,21,0,0,11/1/2018 20:33,11/1/2018 20:33
1011,ahksavykw,brown invaders,Accusative term for refugees or immigrants of darker complexion,,TRUE,,75,eng,brown invader,,,FALSE,TRUE,FALSE,FALSE,FALSE,FALSE,FALSE,163,4,1,11/1/2018 20:33,11/1/2018 20:33
1012,FFRTQgFgB,border niggers,"A person of Latino descent, particularly a Mexican migrant laborer.",,TRUE,,100,eng,border nigger,,,FALSE,TRUE,FALSE,FALSE,FALSE,FALSE,FALSE,0,0,0,11/1/2018 20:33,11/1/2018 20:33
1018,CsMJUAJZd,border bunnies,"A person of Latino descent, particularly a Mexican migrant laborer.",,TRUE,,,eng,border bunny,,,FALSE,TRUE,FALSE,FALSE,FALSE,FALSE,FALSE,55,5,0,11/1/2018 20:33,11/1/2018 20:33
1019,UhxDeasWz,border hoppers,"A person of Latino descent, particularly a Mexican migrant laborer.",,TRUE,,,eng,border hopper,,,FALSE,TRUE,FALSE,FALSE,FALSE,FALSE,FALSE,1016,96,12,11/1/2018 20:33,11/1/2018 20:33
1020,BbYRko6KU,border jumpers,"A person of Latino descent, particularly a Mexican migrant laborer.",,TRUE,,,eng,border jumper,,,FALSE,TRUE,FALSE,FALSE,FALSE,FALSE,FALSE,1509,94,15,11/1/2018 20:33,11/1/2018 20:33
1029,CZoaPQfkm,bog hoppers,A person of common or low class Irish ancestry.,,TRUE,,,eng,bog hopper,,,TRUE,FALSE,FALSE,FALSE,FALSE,FALSE,TRUE,14,1,0,11/1/2018 20:33,11/1/2018 20:33
1030,bWDAKxDbY,bog jumpers,A person of common or low class Irish ancestry.,,TRUE,,38,eng,bog jumper,,,TRUE,FALSE,FALSE,FALSE,FALSE,FALSE,TRUE,4,1,0,11/1/2018 20:33,11/1/2018 20:33
1031,hCzQckqLu,bog trotters,A person of common or low class Irish ancestry.,,TRUE,,100,eng,bog trotter,,,TRUE,FALSE,FALSE,FALSE,FALSE,FALSE,TRUE,263,36,5,11/1/2018 20:33,11/1/2018 20:33
1034,P3GaZAtGq,blaxicans,A person of mixed Mexican and African ancestry,,TRUE,,44,eng,blaxican,,,TRUE,TRUE,FALSE,FALSE,FALSE,FALSE,FALSE,134,6,0,11/1/2018 20:33,11/1/2018 20:33
1040,yZ4zLcfXs,black dagos,[1] A Sicilian [2] A darker-skinned Italian [3] An Italian of allegedly African ancestry,,TRUE,,,eng,black dago,,,TRUE,TRUE,FALSE,FALSE,FALSE,FALSE,FALSE,0,0,0,11/1/2018 20:33,11/1/2018 20:33
1041,yoAGYcwDn,black invaders,Accusative term for refugees or immigrants of darker complexion,,TRUE,,,eng,black invader,,,FALSE,TRUE,FALSE,FALSE,FALSE,FALSE,FALSE,23,1,0,11/1/2018 20:33,11/1/2018 20:33
1047,KZaWfDssU,beaner shnitzels,Offspring of a hispanic parent and a German parent,,TRUE,,,eng,beaner shnitzel,,,TRUE,TRUE,FALSE,FALSE,FALSE,FALSE,FALSE,0,0,0,11/1/2018 20:33,11/1/2018 20:33
1051,chajwxwhX,beach niggers,An overly tanned Caucasian,,TRUE,,,eng,beach nigger,,,FALSE,TRUE,FALSE,FALSE,FALSE,FALSE,FALSE,3,0,0,11/1/2018 20:33,11/1/2018 20:33
1053,oNHANQscn,beaner babies,An infant of hispanic descent,,TRUE,,86,eng,,anchor baby,,FALSE,TRUE,FALSE,FALSE,FALSE,FALSE,FALSE,82,6,1,11/1/2018 20:33,11/1/2018 20:33
1054,temXUPiyk,beaner baby,An infant of hispanic descent,,TRUE,,96,eng,,anchor babies,,FALSE,TRUE,FALSE,FALSE,FALSE,FALSE,FALSE,143,13,1,11/1/2018 20:33,11/1/2018 20:33
1055,KZLFmdpfY,banana benders,An Australian from Queensland,,TRUE,,1,eng,banana bender,,,TRUE,FALSE,FALSE,FALSE,FALSE,FALSE,FALSE,220,33,2,11/1/2018 20:33,11/1/2018 20:33
1056,iYwnzkVun,banana landers,An Australian from Queensland,,TRUE,,,eng,banana lander,,,TRUE,FALSE,FALSE,FALSE,FALSE,FALSE,FALSE,0,0,0,11/1/2018 20:33,11/1/2018 20:33
1058,BiGrCzyJU,bamboo coons,A person of Chinese ancestry,,TRUE,,,eng,bamboo coon,,,TRUE,TRUE,FALSE,FALSE,FALSE,FALSE,FALSE,1,0,0,11/1/2018 20:33,11/1/2018 20:33
1071,dUzTUnsBR,anchor babies,"A child of illegal immigrants, particularly in the United States, from the notion of dropping an anchor for other family members to acquire citizenship",,TRUE,,62,eng,anchor baby,,,FALSE,TRUE,FALSE,FALSE,FALSE,FALSE,FALSE,1370,106,13,11/1/2018 20:33,11/1/2018 20:33
1073,KeAHsWNKo,Americoons,Combination of American and 'coon',,TRUE,,,eng,Americoon,,,FALSE,TRUE,FALSE,FALSE,FALSE,FALSE,FALSE,56,7,1,11/1/2018 20:33,11/1/2018 20:33
1077,uK22Hwkqz,African catfishes,Referring to Muslims in Myanmar as an invasive species,,TRUE,,,eng,African catfish,,,FALSE,TRUE,TRUE,FALSE,FALSE,FALSE,FALSE,1,1,0,11/1/2018 20:33,11/1/2018 20:33
1078,rhjpYp2ee,Africoons,Combination of African and 'coon'.,,TRUE,,89,eng,Africoon,,,FALSE,TRUE,FALSE,FALSE,FALSE,FALSE,FALSE,431,35,2,11/1/2018 20:33,11/1/2018 20:33
1079,2HZo9mCFi,Afro-Saxons,Caucasian person who 'acts black',,TRUE,,25,eng,Afro-Saxon,,,FALSE,TRUE,FALSE,FALSE,FALSE,FALSE,FALSE,90,23,1,11/1/2018 20:33,11/1/2018 20:33
1083,NtvpxgvMT,ziojew,Derogatory term for a Jewish zionist or those being accused of such,,TRUE,,96,eng,,,,FALSE,TRUE,TRUE,FALSE,FALSE,FALSE,FALSE,60,1,0,11/1/2018 19:42,11/1/2018 19:42
1084,czQmdgfms,yard ape,A black person,,TRUE,,99,eng,,,,FALSE,TRUE,FALSE,FALSE,FALSE,FALSE,FALSE,212,29,16,11/1/2018 19:42,11/1/2018 19:42
1085,DAGYWQbgi,yellow invader,Accusative term for refugees or immigrants from Asia,,TRUE,,97,eng,,,,FALSE,TRUE,FALSE,FALSE,FALSE,FALSE,FALSE,14,1,0,11/1/2018 19:42,11/1/2018 19:42
1087,RCAkVRfYf,whigga,A white person who is acting like a black person,,TRUE,,71,eng,,,,FALSE,TRUE,FALSE,FALSE,FALSE,FALSE,FALSE,1511,142,20,11/1/2018 19:42,11/1/2018 19:42
1088,KEZm8ckXa,tree nigger,A Native American person,,TRUE,,100,eng,,,,FALSE,TRUE,FALSE,FALSE,FALSE,FALSE,FALSE,13,3,0,11/1/2018 19:42,11/1/2018 19:42
1090,VxcEzomv2,suspook,A black person suspected of a crime,,TRUE,,99,eng,,,,FALSE,TRUE,FALSE,FALSE,FALSE,FALSE,FALSE,8,0,0,11/1/2018 19:42,11/1/2018 19:42
1091,Y9kqviVYq,taco nigger,An Hispanic person,,TRUE,,99,eng,,,,FALSE,TRUE,FALSE,FALSE,FALSE,FALSE,FALSE,23,2,0,11/1/2018 19:42,11/1/2018 19:42
1092,sXCcFRi2B,sheboon,Combination of 'she' and 'baboon' to indicate a black woman,,TRUE,,99,eng,,,,FALSE,TRUE,FALSE,FALSE,FALSE,FALSE,FALSE,1195,139,21,11/1/2018 19:42,11/1/2018 19:42
1093,Ln8VMqGCX,sand nip,A person from the South Pacific,,TRUE,,99,eng,,,,FALSE,TRUE,FALSE,FALSE,FALSE,FALSE,FALSE,0,0,0,11/1/2018 19:42,11/1/2018 19:42
1095,VKmAhQTR2,rice nigger,An Asian person,,TRUE,,93,eng,,,,FALSE,TRUE,FALSE,FALSE,FALSE,FALSE,FALSE,37,4,1,11/1/2018 19:42,11/1/2018 19:42
1096,HeThmckyy,red nigger,A Native American person,,TRUE,,98,eng,,,,FALSE,TRUE,FALSE,FALSE,FALSE,FALSE,FALSE,36,4,2,11/1/2018 19:42,11/1/2018 19:42
1097, tEKbCmzG,pavement ape,A black person,,TRUE,,98,eng,,,,FALSE,TRUE,FALSE,FALSE,FALSE,FALSE,FALSE,301,20,3,11/1/2018 19:42,11/1/2018 19:42
1098,eLqnd73CV,Palestinkian,Childish slur for Palestinians,,TRUE,,48,eng,,,,TRUE,FALSE,FALSE,FALSE,FALSE,FALSE,FALSE,3,0,0,11/1/2018 19:42,11/1/2018 19:42
1099,UyxRQXYGZ,niggera,Alternative use of the term 'nigger',,TRUE,,98,eng,,,,FALSE,TRUE,FALSE,FALSE,FALSE,FALSE,FALSE,151,11,2,11/1/2018 19:42,11/1/2018 19:42
1100,KZLFMFzqY,niggerette,Female diminuitive of 'nigger',,TRUE,,98,eng,,,,FALSE,TRUE,FALSE,FALSE,FALSE,FALSE,FALSE,105,21,7,11/1/2018 19:42,11/1/2018 19:42
1101,4geTZPV4f,niggerfag,A homosexual of African descent,,TRUE,,98,eng,,,,FALSE,TRUE,FALSE,FALSE,TRUE,FALSE,FALSE,12,1,0,11/1/2018 19:42,11/1/2018 19:42
1102,MhpsEBUGG,niggerize,To increase African American / African influence,,TRUE,,98,eng,,,,FALSE,TRUE,FALSE,FALSE,FALSE,FALSE,FALSE,84,6,0,11/1/2018 19:42,11/1/2018 19:42
1103,PwazibGyA,niggerwool,Describing the texture of African American hair,,TRUE,,98,eng,,,,FALSE,TRUE,FALSE,FALSE,FALSE,FALSE,FALSE,0,0,0,11/1/2018 19:42,11/1/2018 19:42
1104,RnVgazWDZ,nigger-knock,Intimidation of black families by anonymous knocking on their front doors,,TRUE,,99,eng,,,,FALSE,TRUE,FALSE,FALSE,FALSE,FALSE,FALSE,0,0,0,11/1/2018 19:42,11/1/2018 19:42
1105,MQGLHULja,nappyhead,Describing the texture of African American hair,,TRUE,,99,eng,,,,FALSE,TRUE,FALSE,FALSE,FALSE,FALSE,FALSE,165,12,1,11/1/2018 19:42,11/1/2018 19:42
1106,wEYnsHwCX,muzzpig,Derogatory portmanteau of Muslim and 'pig',,TRUE,,94,eng,,,,FALSE,FALSE,TRUE,FALSE,FALSE,FALSE,FALSE,1,0,0,11/1/2018 19:42,11/1/2018 19:42
1107,VtzBYjZGF,muzzrat,Derogatory portmanteau of Muslim and 'rat',,TRUE,,94,eng,,,,FALSE,FALSE,TRUE,FALSE,FALSE,FALSE,FALSE,157,2,0,11/1/2018 19:42,11/1/2018 19:42
1108,gZyFnochq,muzzy,Perjorative diminuitive of Muslim,,TRUE,,83,eng,,,,FALSE,FALSE,TRUE,FALSE,FALSE,FALSE,FALSE,530,49,11,11/1/2018 19:42,11/1/2018 19:42
1110,sfCkhijyu,muslimal,Derogatory portmanteau of Muslim and 'animal',,TRUE,,80,eng,,,,FALSE,FALSE,TRUE,FALSE,FALSE,FALSE,FALSE,5,1,0,11/1/2018 19:42,11/1/2018 19:42
1111,DHWeAGvKd,kneegrow,Alternative form of 'negro',,TRUE,,99,eng,,,,FALSE,TRUE,FALSE,FALSE,FALSE,FALSE,FALSE,1629,192,32,11/1/2018 19:42,11/1/2018 19:42
1112,bYNFmB8LF,jewbag,A selfish or greedy Jew,,TRUE,,96,eng,,,,FALSE,TRUE,TRUE,FALSE,FALSE,FALSE,FALSE,66,2,0,11/1/2018 19:42,11/1/2018 19:42
1113,cRsYPQKdm,jew-fucker,One who has sexual relations with Jews,,TRUE,,93,eng,,,,FALSE,TRUE,TRUE,FALSE,FALSE,FALSE,FALSE,5,0,0,11/1/2018 19:42,11/1/2018 19:42
1114,eMDrkxqjs,honklet,The diminuitive of 'honky',,TRUE,,83,eng,,,,FALSE,TRUE,FALSE,FALSE,FALSE,FALSE,FALSE,15,0,0,11/1/2018 19:42,11/1/2018 19:42
1120,LaVFXPUYE,fudgepacker,A homosexual who engages in anal sex,,TRUE,,69,eng,,,,FALSE,FALSE,FALSE,TRUE,TRUE,FALSE,FALSE,816,99,12,11/1/2018 19:42,11/1/2018 19:42
1121,jdWVrzLjZ,flipabeano,A person of Filipino and Mexican descent,,TRUE,,70,eng,,,,TRUE,FALSE,FALSE,FALSE,FALSE,FALSE,FALSE,0,0,0,11/1/2018 19:42,11/1/2018 19:42
1122,cEBJ2nMNX,fagbag,A homosexual male,,TRUE,,98,eng,,,,FALSE,FALSE,FALSE,FALSE,TRUE,FALSE,FALSE,862,84,2,11/1/2018 19:42,11/1/2018 19:42
1123,rknwZYjMw,derka derka,Derogatory interpretation of the Arabic language; most often applied in contexts relating to the Middle East and North Africa or Muslims in general,,TRUE,,82,eng,,,,FALSE,TRUE,TRUE,FALSE,FALSE,FALSE,FALSE,34,0,0,11/1/2018 19:42,11/1/2018 19:42
1124,pczCEQBNb,dindu nuffin,"A derogatory contraction of the words ""didn't do nothing,"" popularized as a slur against black people as a mockery of regional pronunciation",,TRUE,,98,eng,,,,FALSE,TRUE,FALSE,FALSE,FALSE,FALSE,FALSE,1783,187,12,11/1/2018 19:42,11/1/2018 19:42
1125,3tKVVTwnL,coonadian,A Canadian of African descent; sometimes applied to aboriginals,,TRUE,,99,eng,,,,FALSE,TRUE,FALSE,FALSE,FALSE,FALSE,FALSE,16,3,1,11/1/2018 19:42,11/1/2018 19:42
1128,VxcXGhGEJ,Congoid,Some concatenation of Congo and mongoloid,,TRUE,,92,eng,,,,FALSE,TRUE,FALSE,FALSE,FALSE,FALSE,FALSE,403,39,3,11/1/2018 19:42,11/1/2018 19:42
1130,4G2wcQTWZ,cholo chaser,A person who engages in relationships with hispanic individuals,,TRUE,,66,eng,,,,FALSE,TRUE,FALSE,FALSE,FALSE,FALSE,FALSE,1,0,0,11/1/2018 19:42,11/1/2018 19:42
1132,JuXUP7M2s,butt pirate,A homosexual who engages in anal sex,,TRUE,,75,eng,,,,FALSE,FALSE,FALSE,TRUE,TRUE,FALSE,FALSE,1338,118,21,11/1/2018 19:39,11/1/2018 19:39
1134,4LmhMZKUi,black invader,Accusative term for refugees or immigrants of darker complexion,,TRUE,,82,eng,,,,FALSE,TRUE,FALSE,FALSE,FALSE,FALSE,FALSE,34,0,0,11/1/2018 19:39,11/1/2018 19:39
1168,DRG6AYKm4,jigarooni,"A black person. Jiggaboo or jigabo is from a Bantu verb tshikabo, meaning meek or servile.",,TRUE,,86,eng,,jigaboo,,FALSE,TRUE,FALSE,FALSE,FALSE,FALSE,FALSE,7,0,0,4/17/2015 23:34,4/17/2015 23:34
1179,FAwR2b4xm,zigabo,"A black person. Jiggaboo or jigabo is from a Bantu verb tshikabo, meaning meek or servile.",,TRUE,,73,eng,,jigaboo,,FALSE,TRUE,FALSE,FALSE,FALSE,FALSE,FALSE,10,0,0,5/3/2014 15:18,5/3/2014 15:18
1182,PkhMVy69W,border nigger,"A person of Latino descent, particularly a Mexican migrant laborer.",,TRUE,,98,eng,,wetback,,FALSE,TRUE,FALSE,FALSE,FALSE,FALSE,FALSE,9,1,0,3/23/2014 9:01,3/23/2014 9:01
1196,axGdw9THv,dune nigger,A person of Arab descent.,,TRUE,,100,eng,,sand nigger,,FALSE,TRUE,FALSE,FALSE,FALSE,FALSE,FALSE,12,2,0,1/24/2014 15:00,1/24/2014 15:00
1205,v6aUwuURh,fog nigger,A black person of British nationality.,,TRUE,,99,eng,,,,TRUE,TRUE,FALSE,FALSE,FALSE,FALSE,FALSE,2,0,0,12/6/2013 0:20,12/6/2013 0:20
1225,qYwaax64w,cab nigger,"A person of Indian or Middle Eastern descent, based on the perceived surfeit of immigrants driving cabs in the United States.",,TRUE,,87,eng,,,,FALSE,TRUE,FALSE,FALSE,FALSE,FALSE,FALSE,1,0,0,10/8/2013 18:26,10/8/2013 18:26
1272,9VPR4zdq9,Bog Irish,A person of common or low class Irish ancestry.,,TRUE,,66,eng,,,,TRUE,FALSE,FALSE,FALSE,FALSE,FALSE,TRUE,125,2,0,7/26/2013 23:24,7/26/2013 23:24
1284,7zZa7JXXz,pineapple nigger,A person of Hawaiian descent.,,TRUE,,99,eng,,,,FALSE,TRUE,FALSE,FALSE,FALSE,FALSE,FALSE,20,0,0,7/22/2013 19:42,7/22/2013 19:42
1286,waBhvkh4u,gyppy,"[1] A Romani people. [2] Egyptians. These are variations of 'Gypsy', the most common word in English for people of Romani origin. 'Gypsy' is not in itself an ethnic slur but its usage is sometimes controversial.",,TRUE,,90,eng,,gyppo,,FALSE,TRUE,FALSE,FALSE,FALSE,FALSE,FALSE,37,6,0,7/22/2013 9:05,7/22/2013 9:05
1288,ndFMX7jTq,bog trotter,A person of common or low class Irish ancestry.,,TRUE,,83,eng,,Bog Irish,,TRUE,FALSE,FALSE,FALSE,FALSE,FALSE,TRUE,526,42,7,7/21/2013 18:55,7/21/2013 18:55
1291,6zptJfZZh,ice nigger,A black Canadian.,,TRUE,,98,eng,,,,TRUE,TRUE,FALSE,FALSE,FALSE,FALSE,FALSE,48,0,0,7/17/2013 18:50,7/17/2013 18:50
1292,z8ayW3CfA,shanty Irish,A poor or disenfranchised person of Irish descent.,,TRUE,,59,eng,,,,TRUE,TRUE,FALSE,FALSE,FALSE,FALSE,FALSE,458,37,18,7/16/2013 5:45,7/16/2013 5:45
1321,qXnWu4Xw8,tranny,"Pejorative term which is shortened from either transgendered, transsexual or transvestite. May be used to refer to these individuals, or others, in a derogatory or offensive manner.",,TRUE,,74,eng,,,,FALSE,FALSE,FALSE,TRUE,TRUE,FALSE,FALSE,3037,22,5,7/4/2013 17:23,7/4/2013 17:23
1326,vRUCf4b9p,shemale,[1] A transexual person. [2] A transgendered person. [3] An allegedly masculine woman.,,TRUE,,96,eng,,,,FALSE,FALSE,FALSE,TRUE,TRUE,FALSE,FALSE,3273,14,4,7/4/2013 15:22,7/4/2013 15:22
1335,eUq4VPh6h,niggar,A black person.,,TRUE,,99,eng,,nigger,,FALSE,TRUE,FALSE,FALSE,FALSE,FALSE,FALSE,3733,159,22,6/25/2013 10:13,6/25/2013 10:13
1342,jYqw27BMx,darkie,"A black person. The term may cause offense. though Randall Kennedy's Nigger: The Strange Career of a Troublesome Word notes that some judges have considered 'darky' a 'term of endearment.' In South Africa, it can be considered offensive (depending on the context), but is commonly used among black people to refer to other black people in a non-derogatory way.",,TRUE,,81,eng,,darky,,FALSE,TRUE,FALSE,FALSE,FALSE,FALSE,FALSE,2559,122,21,6/23/2013 18:20,6/23/2013 18:20
1345,6hCjv3qHW,Christ killer,"A Jew, an allusion to Jewish deicide. On occasion it can also be used as an anti-Italian slur on the basis the Romans, as ancestors of the present-day Italians, executed Jesus.",,TRUE,,93,eng,,,,FALSE,TRUE,TRUE,FALSE,FALSE,FALSE,FALSE,278,8,1,6/23/2013 12:00,6/23/2013 12:00
1361,4m74BQfBX,cotton picker,Originates from pre-Civil War US. Refers to the slaves who picked cotton all day at the plantations.,,TRUE,,74,eng,,,,FALSE,TRUE,FALSE,FALSE,FALSE,FALSE,FALSE,4570,171,16,6/22/2013 18:38,6/22/2013 18:38
1368,TWVUM7xdk,jijjiboo,"A black person. Jiggaboo or jigabo is from a Bantu verb tshikabo, meaning meek or servile.",,TRUE,,86,eng,,jigaboo,,FALSE,TRUE,FALSE,FALSE,FALSE,FALSE,FALSE,3,0,0,6/22/2013 0:12,6/22/2013 0:12
1369,HP8tddveZ,house nigger,"As with Uncle Tom, a reference to a black person who is subservient to whites.",,TRUE,,98,eng,,,,FALSE,TRUE,FALSE,FALSE,FALSE,FALSE,FALSE,2370,59,9,6/21/2013 23:37,6/21/2013 23:37
1371,T2RDQb6xa,octaroon,A person who is 1/8th Black. Originated by the Spanish in the 14th/15th century as they were very exact in their racial classifications to determine a person's worth in society.,,TRUE,,81,eng,,octroon,,FALSE,TRUE,FALSE,FALSE,FALSE,FALSE,FALSE,1584,109,12,6/21/2013 16:19,6/21/2013 16:19
1372,PFnJ6FkJa,curry stinker,A person of East Indian origin.,,TRUE,,86,eng,,curry muncher,,FALSE,TRUE,FALSE,FALSE,FALSE,FALSE,FALSE,13,3,0,6/21/2013 16:05,6/21/2013 16:05
1373,D6Jtu6NYX,white nigger,"[1] Used in 19th-century United States to refer to the Irish. [2] Sometimes used today in reference to white people in a manner similar to white trash or redneck. [3] Also refers to white youth that imitate urban black youth by means of clothing style, mannerisms, and slang speech. The 'w' at the start of wigger refers to the white person and the 'igger' refers to nigger, which is a racial slur for black people. [4] Also used by radical Quebecois in self-reference, as in the seminal 1968 book White Niggers of America.",,TRUE,,99,eng,,,,TRUE,TRUE,FALSE,FALSE,FALSE,FALSE,FALSE,108,5,3,6/21/2013 15:09,6/21/2013 15:09
1382,uAuJGgQ9f,sideways pussy,"An Asian woman, particularly of Chinese descent.",,TRUE,,88,eng,,sideways vagina,,TRUE,TRUE,FALSE,FALSE,FALSE,FALSE,FALSE,295,27,0,6/20/2013 18:14,6/20/2013 18:14
1384,9RbmyaNJr,eyetie,An Italian person. Originated through the mispronunciation of 'Italian' as 'Eye-talian.',,TRUE,,81,eng,,,,TRUE,TRUE,FALSE,FALSE,FALSE,FALSE,FALSE,281,13,0,6/20/2013 7:22,6/20/2013 7:22
1385,64mQJ3KAE,proddy dog,"A Protestant, particularly a rival kid from a Protestant school. 'Proddywhoddy' and 'proddywoddy' are used in children's school rhymes in Cork",,TRUE,,84,eng,,prod,,FALSE,FALSE,TRUE,FALSE,FALSE,FALSE,FALSE,69,2,0,6/19/2013 20:55,6/19/2013 20:55
1386,H8g8GZ4Ax,prairie nigger,A Native American.,,TRUE,,98,eng,,,,FALSE,TRUE,FALSE,FALSE,FALSE,FALSE,FALSE,98,2,0,6/19/2013 19:53,6/19/2013 19:53
1388,ZGgc8Fan8,coon ass,A person of Cajun ethnicity.,,TRUE,,72,eng,,,,FALSE,TRUE,FALSE,FALSE,FALSE,FALSE,FALSE,3789,124,17,6/19/2013 6:34,6/19/2013 6:34
1389,3K3zQvqm9,moulie,"A black person, used by Italians in US. It is a corruption of melanzane, the Italian word for eggplant.",,TRUE,,89,eng,,,,FALSE,TRUE,FALSE,FALSE,FALSE,FALSE,FALSE,386,14,0,6/19/2013 4:07,6/19/2013 4:07
1390,7y2VTFXCn,sideways vagina,"An Asian woman, particularly of Chinese descent.",,TRUE,,94,eng,,,,TRUE,TRUE,FALSE,FALSE,FALSE,FALSE,FALSE,395,17,3,6/19/2013 2:40,6/19/2013 2:40
1391,fz6E48ehr,camel humper,Person of Middle Eastern descent.,,TRUE,,95,eng,,camel jockey,,FALSE,TRUE,FALSE,FALSE,FALSE,FALSE,FALSE,394,5,0,6/19/2013 2:30,6/19/2013 2:30
1396,UbKAZ2J3B,wagon burner,A Native American person.,,TRUE,,87,eng,,,,FALSE,TRUE,FALSE,FALSE,FALSE,FALSE,FALSE,336,17,2,6/18/2013 18:10,6/18/2013 18:10
1397,Wzwy99PA8,moulignon,"A black person, used by Italians in US. It is a corruption of melanzane, the Italian word for eggplant.",,TRUE,,89,eng,,moulie,,FALSE,TRUE,FALSE,FALSE,FALSE,FALSE,FALSE,66,0,0,6/18/2013 1:40,6/18/2013 1:40
1398,7BtqnhDHy,border bunny,"A person of Latino descent, particularly a Mexican migrant laborer.",,TRUE,,85,eng,,wetback,,FALSE,TRUE,FALSE,FALSE,FALSE,FALSE,FALSE,188,41,3,6/18/2013 0:57,6/18/2013 0:57
1399,qb2KqVgnC,dune coon,A person of Arab descent.,,TRUE,,99,eng,,sand nigger,,FALSE,TRUE,FALSE,FALSE,FALSE,FALSE,FALSE,1108,14,1,6/17/2013 22:13,6/17/2013 22:13
1402,JfzXrQr7x,border jumper,"A person of Latino descent, particularly a Mexican migrant laborer.",,TRUE,,82,eng,,wetback,,FALSE,TRUE,FALSE,FALSE,FALSE,FALSE,FALSE,2045,90,16,6/17/2013 18:11,6/17/2013 18:11
1404,N4DyxwBHg,gippo,"[1] A Romani people. [2] Egyptians. These are variations of 'Gypsy', the most common word in English for people of Romani origin. 'Gypsy' is not in itself an ethnic slur but its usage is sometimes controversial.",,TRUE,,97,eng,,gyppo,,FALSE,TRUE,FALSE,FALSE,FALSE,FALSE,FALSE,830,27,6,6/16/2013 8:27,6/16/2013 8:27
1405,EZKArmFB3,gyppo,"[1] A Romani people. [2] Egyptians. These are variations of 'Gypsy', the most common word in English for people of Romani origin. 'Gypsy' is not in itself an ethnic slur but its usage is sometimes controversial.",,TRUE,,90,eng,,,,FALSE,TRUE,FALSE,FALSE,FALSE,FALSE,FALSE,2158,71,4,6/15/2013 21:23,6/15/2013 21:23
1406,tP4pHEaRC,touch of the tar brush,A person of predominantly Caucasian ancestry with real or suspected African or Asian distant ancestry.,,TRUE,,90,eng,,,,FALSE,TRUE,FALSE,FALSE,FALSE,FALSE,FALSE,303,11,5,6/15/2013 5:18,6/15/2013 5:18
1411,b7PHp7TKN,muzzie,A Muslim.,,TRUE,,84,eng,,,,FALSE,FALSE,TRUE,FALSE,FALSE,FALSE,FALSE,5293,189,19,6/1/2013 23:05,6/1/2013 23:05
1413,cyx7mvDEF,nigglet,A black child.,,TRUE,,99,eng,,niglet,,FALSE,TRUE,FALSE,FALSE,FALSE,FALSE,FALSE,4025,161,15,5/31/2013 4:10,5/31/2013 4:10
1414,WeZJrBa82,niggur,A black person.,,TRUE,,99,eng,,nigger,,FALSE,TRUE,FALSE,FALSE,FALSE,FALSE,FALSE,5512,210,25,5/30/2013 22:34,5/30/2013 22:34
1415,tTWJV3kr3,niglet,A black child.,,TRUE,,99,eng,,,,FALSE,TRUE,FALSE,FALSE,FALSE,FALSE,FALSE,4459,208,24,5/30/2013 19:55,5/30/2013 19:55
1426,jh3mcgDeW,pickaninny,Black children.,,TRUE,,97,eng,,,,FALSE,TRUE,FALSE,FALSE,FALSE,FALSE,FALSE,1549,91,8,5/26/2013 5:13,5/26/2013 5:13
1427,XZCB3fVua,Chinaman,"Found offensive, although it is a translation of the Chinese. It was used in the gold rush and railway-construction eras in western North America, when discrimination against Chinese was common.",,TRUE,,72,eng,,,,TRUE,FALSE,FALSE,FALSE,FALSE,FALSE,FALSE,2771,100,5,5/25/2013 17:17,5/25/2013 17:17
1432,P6gZG7Tcf,border hopper,"A person of Latino descent, particularly a Mexican migrant laborer.",,TRUE,,85,eng,,wetback,,FALSE,TRUE,FALSE,FALSE,FALSE,FALSE,FALSE,1333,137,17,5/22/2013 4:39,5/22/2013 4:39
1440,WjRbvuV3r,camel jockey,Person of Middle Eastern descent.,,TRUE,,80,eng,,,,FALSE,TRUE,FALSE,FALSE,FALSE,FALSE,FALSE,2731,76,3,5/19/2013 5:26,5/19/2013 5:26
1444,x9dnZhTqw,curry muncher,A person of East Indian origin.,,TRUE,,74,eng,,,,FALSE,TRUE,FALSE,FALSE,FALSE,FALSE,FALSE,4180,231,24,5/16/2013 22:21,5/16/2013 22:21
1450,jY6nXuhkC,spear chucker,"A term used for an African American, or other person of African descent.",,TRUE,,87,eng,,,,FALSE,TRUE,FALSE,FALSE,FALSE,FALSE,FALSE,1575,82,10,5/14/2013 0:24,5/14/2013 0:24
1459,D29BRfCeD,sand nigger,"Derogatory term for a person from the Middle East, Arab, South Asian world",,TRUE,,100,eng,,,,TRUE,TRUE,FALSE,FALSE,FALSE,FALSE,FALSE,4266,64,6,5/11/2013 21:43,5/11/2013 21:43
1463,3W7xBnyHz,slant eye,"A person of Asian origin (Chinese, Japanese, Korean, Vietnamese etc.) Derived from the term for those who have epicanthic folds.",,TRUE,,97,eng,,slant,,FALSE,TRUE,FALSE,FALSE,FALSE,FALSE,FALSE,1078,31,5,5/10/2013 21:48,5/10/2013 21:48
1470,p2Q4DVrg2,gypo,"[1] A Romani people. [2] Egyptians. These are variations of 'Gypsy', the most common word in English for people of Romani origin. 'Gypsy' is not in itself an ethnic slur but its usage is sometimes controversial.",,TRUE,,90,eng,,gyppo,,FALSE,TRUE,FALSE,FALSE,FALSE,FALSE,FALSE,6162,181,33,5/8/2013 21:19,5/8/2013 21:19
1471,XXdW2zZkG,gyppie,"[1] A Romani people. [2] Egyptians. These are variations of 'Gypsy', the most common word in English for people of Romani origin. 'Gypsy' is not in itself an ethnic slur but its usage is sometimes controversial.",,TRUE,,90,eng,,gyppo,,FALSE,TRUE,FALSE,FALSE,FALSE,FALSE,FALSE,8,0,0,5/8/2013 18:04,5/8/2013 18:04
1473,EtUbqU7PQ,halfrican,Denotes a person that is half African.,,TRUE,,81,eng,,,,FALSE,TRUE,FALSE,FALSE,FALSE,FALSE,FALSE,207,8,3,5/8/2013 2:49,5/8/2013 2:49
1483,aMp264eJn,honkie,"A white person. Derived from an African-American pronunciation of 'hunky', the disparaging term for a Hungarian laborer. The first record of its use as an insulting term for a white person dates from the 1950s.",,TRUE,,71,eng,,honky,,FALSE,TRUE,FALSE,FALSE,FALSE,FALSE,FALSE,3341,174,23,5/6/2013 5:10,5/6/2013 5:10
1488,WVqQvFzk6,spigger,A person of mixed Hispanic and black parentage.,,TRUE,,100,eng,,spickaboo,,FALSE,TRUE,FALSE,FALSE,FALSE,FALSE,FALSE,129,0,0,5/5/2013 13:44,5/5/2013 13:44
1495,Dqfdv8tFE,hymie,"A Jewish person, derived from the personal name Hyman (from the Hebrew name Chayyim). Jesse Jackson provoked controversy by referring to New York City as 'Hymietown' in 1984.",,TRUE,US,72,eng,,,,FALSE,TRUE,TRUE,FALSE,FALSE,FALSE,FALSE,513,26,4,5/4/2013 8:49,5/4/2013 8:49
1496,cA7nT7xG8,nicca,A black person.,,TRUE,,89,eng,,nigger,,FALSE,TRUE,FALSE,FALSE,FALSE,FALSE,FALSE,4765,156,29,5/3/2013 13:29,5/3/2013 13:29
1497,V2vVDr4n9,moon cricket,A black person,,TRUE,,86,eng,,,,FALSE,TRUE,FALSE,FALSE,FALSE,FALSE,FALSE,2579,118,23,5/3/2013 13:24,5/3/2013 13:24
1499,9VY2n2aKw,jiggaboo,"A black person. Jiggaboo or jigabo is from a Bantu verb tshikabo, meaning meek or servile.",,TRUE,,99,eng,,jigaboo,,FALSE,TRUE,FALSE,FALSE,FALSE,FALSE,FALSE,2976,81,12,5/3/2013 13:17,5/3/2013 13:17
1501,n2Ry3Y9DQ,timber nigger,A Native American.,,TRUE,,100,eng,,,,FALSE,TRUE,FALSE,FALSE,FALSE,FALSE,FALSE,17,0,0,5/2/2013 15:20,5/2/2013 15:20
1502,4yMfGkZxX,darky,"A black person. The term may cause offense. though Randall Kennedy's Nigger: The Strange Career of a Troublesome Word notes that some judges have considered 'darky' a 'term of endearment.' In South Africa, it can be considered offensive (depending on the context), but is commonly used among black people to refer to other black people in a non-derogatory way.",,TRUE,,97,eng,,,,FALSE,TRUE,FALSE,FALSE,FALSE,FALSE,FALSE,815,22,5,5/2/2013 5:29,5/2/2013 5:29
1504,dVEFpbV6b,jungle bunny,A black person.,,TRUE,,87,eng,,,,FALSE,TRUE,FALSE,FALSE,FALSE,FALSE,FALSE,1889,99,6,5/2/2013 5:18,5/2/2013 5:18
1510,eqQYWFny7,whigger,"[1] Used in 19th-century United States to refer to the Irish. [2] Sometimes used today in reference to white people in a manner similar to white trash or redneck. [3] Also refers to white youth that imitate urban black youth by means of clothing style, mannerisms, and slang speech. The 'w' at the start of wigger refers to the white person and the 'igger' refers to nigger, which is a racial slur for black people. [4] Also used by radical Quebecois in self-reference, as in the seminal 1968 book White Niggers of America.",,TRUE,,88,eng,,white nigger,,TRUE,TRUE,FALSE,FALSE,FALSE,FALSE,FALSE,1788,44,4,4/30/2013 10:36,4/30/2013 10:36
1511,J7dPE7gev,wigga,"[1] Used in 19th-century United States to refer to the Irish. [2] Sometimes used today in reference to white people in a manner similar to white trash or redneck. [3] Also refers to white youth that imitate urban black youth by means of clothing style, mannerisms, and slang speech. The 'w' at the start of wigger refers to the white person and the 'igger' refers to nigger, which is a racial slur for black people. [4] Also used by radical Quebecois in self-reference, as in the seminal 1968 book White Niggers of America.",,TRUE,,99,eng,,white nigger,,TRUE,TRUE,FALSE,FALSE,FALSE,FALSE,FALSE,4784,225,33,4/30/2013 4:26,4/30/2013 4:26
1512,D46u6GJ24,wigger,"[1] Used in 19th-century United States to refer to the Irish. [2] Sometimes used today in reference to white people in a manner similar to white trash or redneck. [3] Also refers to white youth that imitate urban black youth by means of clothing style, mannerisms, and slang speech. The 'w' at the start of wigger refers to the white person and the 'igger' refers to nigger, which is a racial slur for black people. [4] Also used by radical Quebecois in self-reference, as in the seminal 1968 book White Niggers of America.",,TRUE,,99,eng,,white nigger,,TRUE,TRUE,FALSE,FALSE,FALSE,FALSE,FALSE,4374,161,32,4/30/2013 2:20,4/30/2013 2:20
1516,qNw68xaxX,wexican,A person of mixed Caucasian and Mexican parentage.,,TRUE,,71,eng,,,,TRUE,TRUE,FALSE,FALSE,FALSE,FALSE,FALSE,459,44,7,4/29/2013 8:54,4/29/2013 8:54
1522,wdgYa6nht,island nigger,A Polynesian.,,TRUE,,97,eng,,,,TRUE,TRUE,FALSE,FALSE,FALSE,FALSE,FALSE,77,2,0,4/28/2013 4:12,4/28/2013 4:12
1523,UDB92XuV4,jiggabo,"A black person. Jiggaboo or jigabo is from a Bantu verb tshikabo, meaning meek or servile.",,TRUE,,86,eng,,jigaboo,,FALSE,TRUE,FALSE,FALSE,FALSE,FALSE,FALSE,289,19,1,4/28/2013 0:11,4/28/2013 0:11
1540,RKktUbpr4,race traitor,Term used by white supremacists to denote a person of mixed race.,,TRUE,,87,eng,,,,FALSE,TRUE,FALSE,FALSE,FALSE,FALSE,FALSE,2283,73,6,4/23/2013 12:57,4/23/2013 12:57
1543,6mq9NRfPf,nig nog,A black person.,,TRUE,,99,eng,,nigger,,FALSE,TRUE,FALSE,FALSE,FALSE,FALSE,FALSE,4982,214,20,4/23/2013 2:30,4/23/2013 2:30
1548,enGXBUA3V,nigguh,A black person.,,TRUE,,99,eng,,nigger,,FALSE,TRUE,FALSE,FALSE,FALSE,FALSE,FALSE,4517,185,21,4/22/2013 9:16,4/22/2013 9:16
1550,UkbYtD9jt,niggress,A black person.,,TRUE,,100,eng,,nigger,,FALSE,TRUE,FALSE,FALSE,FALSE,FALSE,FALSE,2412,103,10,4/22/2013 1:00,4/22/2013 1:00
1560,gp9GeB6dv,nigette,A black person.,,TRUE,,99,eng,,nigger,,FALSE,TRUE,FALSE,FALSE,FALSE,FALSE,FALSE,267,12,1,4/19/2013 19:19,4/19/2013 19:19
1566,9wj2Fag7e,quadroon,"A person who is 1/4 Black. Coined during the Civil War, referring to how White you had to be in order to serve in the army.",,TRUE,,81,eng,,,,FALSE,TRUE,FALSE,FALSE,FALSE,FALSE,FALSE,2571,187,22,4/19/2013 4:01,4/19/2013 4:01
1574,Up9gK6aZy,towel head,"An Arab, Indian Sikh or other individual of Middle Eastern or South Asian descent wearing traditional headdress such as turbans or keffiyehs. Sometimes used generically for all Islamic nations.",,TRUE,,99,eng,,raghead,,FALSE,TRUE,FALSE,FALSE,FALSE,FALSE,FALSE,580,13,1,4/12/2013 4:00,4/12/2013 4:00
1583,9Qc3vmvaE,faggot,A homosexual.,,TRUE,,93,eng,,fag,,FALSE,FALSE,FALSE,FALSE,TRUE,FALSE,FALSE,4221,90,5,4/7/2013 4:00,4/7/2013 4:00
1586,BJV7BT7vV,spice nigger,A black person.,,TRUE,,100,eng,,nigger,,FALSE,TRUE,FALSE,FALSE,FALSE,FALSE,FALSE,10,0,0,4/6/2013 5:31,4/6/2013 5:31
1591,T6Hk8NDNf,wetback,"A person of Latino descent, particularly a Mexican migrant laborer.",,TRUE,,99,eng,,,,FALSE,TRUE,FALSE,FALSE,FALSE,FALSE,FALSE,2851,143,22,4/1/2013 4:00,4/1/2013 4:00
1594,kejjB2C7Q,guala,"A person who's overt about his/her Hispanic descent, particularly a Dominican",,TRUE,,86,eng,,,,TRUE,TRUE,FALSE,FALSE,FALSE,FALSE,FALSE,1895,63,8,3/27/2013 12:53,3/27/2013 12:53
